deviceId,Name,Status,FDA Active,Last Code42 Heartbeat
1113460775764985675,Katie-C02FV1EMMD6M,Active,true,2023-09-01T21:40:32.979Z
1108263102876790164,Katie-C02FV1EMMD6M,Active,true,2023-09-01T21:21:50.020Z
1108542011068881524,Jamie-FVFH61DYQ6LT,Active,true,2023-09-01T20:22:12.932Z
1060699078935995737,Jamie-FVFH61DYQ6LT,Active,true,2023-09-01T22:54:47.280Z
1108301482805210516,Kavitha-C02F622HMD6M,Active,true,2023-04-17T08:46:21.398Z
998405498330005405,Kavitha-C02F622HMD6M,Active,true,2023-09-01T22:19:00.172Z
1047670218642997525,Stacey-HWY4T37TR4,Active,true,2023-09-01T23:19:47.418Z
1108625819040162259,Stacey-H4TFW0M3Q6X5,Active,true,2023-09-01T22:52:55.193Z
1013745425403008754,Stacey-H4TFW0M3Q6X5,Active,true,2023-09-01T20:48:35.679Z
1108541702188346772,Stacey-HWY4T37TR4,Active,true,2023-08-22T19:13:01.282Z
1108406401790718224,Amy-C02GD58FML85,Active,true,2023-09-01T21:50:39.780Z
1025204906006166425,AmyLow-C02GD58FML85,Active,true,2023-09-01T21:25:36.882Z
966522374921121364,Anne-C02CW6FVML85,Active,true,2023-09-01T23:06:56.988Z
1108270709175196276,Anne-C02CW6FVML85,Active,true,2023-09-01T22:28:36.297Z
1127554856488900887,dsRecTypeStandard:Users-KH412F41RX,Active,true,2023-09-01T22:51:51.707Z
1127554920245983943,dsRecTypeStandard:Users-KH412F,Active,true,2023-09-01T23:23:36.662Z
1122329221636396053,Ariannes-MacBook-Air,Active,true,2023-09-01T23:08:22.102Z
1122329214176348545,Arianne’s MacBook Air,Active,true,2023-09-01T23:14:31.648Z
1056223823874358320,Arianne-KH412F41RX,Active,true,2023-07-27T20:16:46.444Z
1108556922363875092,Arianne-KH412F41RX,Active,true,2023-07-27T18:51:44.087Z
1055221408242146697,Ali-GJGHC7V4G1,Active,true,2023-09-01T23:13:56.470Z
1113367575079709976,Ali-GJGHC7V4G1,Active,true,2023-09-01T22:29:41.576Z
720387607163976546,Ariane-C02DP2F6MD6M,Active,true,2023-09-01T21:55:00.439Z
1108151416196112851,Ariane-C02DP2F6MD6M,Active,true,2023-09-01T20:40:00.650Z
960110678416853254,Marshall-FVFHN0NEQ6LT,Active,true,2023-09-01T23:14:31.243Z
1108413457669336468,Marshall-FVFHN0NEQ6LT,Active,true,2023-09-01T23:21:49.235Z
998559761246126244,Alexandra-C02F668XML85,Active,true,2023-09-01T23:05:10.017Z
1108413841769533204,Alexandra-C02F668XML85,Active,true,2023-09-01T23:12:52.552Z
1124346397155225091,Arne-C02FF1MVML85,Active,true,2023-08-02T06:37:54.764Z
1003037032701301323,Arne-C02FF1MVML85,Active,true,2023-08-02T07:01:05.526Z
1115227832495382709,Peter-PQ9DX94X7N,Active,true,2023-09-01T21:49:26.412Z
1054170789421594950,Peter-FVFH715RQ6LT,Active,true,2023-09-01T23:18:16.140Z
1115227734701915473,Peter-PQ9DX94X7N,Active,true,2023-09-01T22:58:21.924Z
1108410103462861428,Peter-FVFH715RQ6LT,Active,true,2023-09-01T23:15:43.800Z
1108428775321248380,Desiree-FVFHN0P5Q6LT,Active,true,2023-09-01T23:21:43.733Z
1062614141345836224,Desiree-FVFHN0P5Q6LT,Active,true,2023-09-01T23:10:41.259Z
963181251933780703,Leatrice-C02Y83F5JG5H,Active,true,2023-09-01T23:20:07.949Z
1108270491598884628,Leatrice-C02Y83F5JG5H,Active,true,2023-09-01T23:23:51.450Z
1107114768359271828,Judy-C02FD3JRML85,Active,true,2023-09-01T22:41:22.978Z
1113378097318538838,Monica-MVMJFVQRW3,Active,unknown,2023-05-18T01:17:40.055Z
1113481344980237649,Craig-DMG36YKP4D,Active,true,2023-09-01T23:16:42.804Z
1048427406291917297,iMac1-C02TF10CGG7J,Active,false,2023-09-01T21:30:08.385Z
1110314787476212475,Craig-DMG36YKP4D,Active,true,2023-09-01T23:20:07.482Z
1112787963668975480,Curtis-CWHJ76L9FV,Active,true,2023-09-01T23:23:23.760Z
1113514248028319000,Curtis-CWHJ76L9FV,Active,true,2023-09-01T22:34:14.584Z
1108007041737029770,Elena-C02FC1SLMD6R,Active,true,2023-09-01T22:46:30.105Z
1018102801692913401,Elena-C02FC1SLMD6R,Active,true,2023-09-01T19:47:55.708Z
875635660252870931,Allison-NM44XT6M66,Active,true,2023-09-01T23:20:19.771Z
1108252012851801492,Allison-NM44XT6M66,Active,true,2023-09-01T23:01:34.110Z
1007976944380926527,Kyle-C02FN2S0ML85,Active,true,2023-08-28T18:03:00.353Z
1108105279103026596,Rodney-NT6MT9GHKN,Active,true,2023-09-01T17:24:43.966Z
1087110139345069126,Rodney-NT6MT9GHKN,Active,true,2023-09-01T18:25:00.889Z
1108382944644607380,Michael-C02ZR0V1LVDM,Active,true,2023-09-01T23:11:44.363Z
969252175243728928,Michael-C02ZR0V1LVDM,Active,true,2023-09-01T20:04:19.874Z
1055220634443304511,Phil-J3DLJ62TYX,Active,true,2023-09-01T21:35:06.252Z
1107111390234485203,Phil-J3DLJ62TYX,Active,true,2023-09-01T21:14:09.933Z
960110721563768674,Nina-C02ZT8T9MD6R,Active,true,2023-09-01T18:35:38.444Z
1107103635334743460,Nina-C02ZT8T9MD6R,Active,true,2023-09-01T21:10:19.508Z
1094387499688219702,Katie-T9L7F24N57,Active,true,2023-09-01T23:21:44.371Z
1108007083464274192,Katie-T9L7F24N57,Active,true,2023-09-01T22:59:08.784Z
1108015859908868234,Barbara-J6LWGQ7TDR,Active,true,2023-09-01T23:17:21.600Z
1055259892634524384,Barbara-J6LWGQ7TDR,Active,true,2023-09-01T23:15:59.274Z
1108550061067584932,Courtney-VKXDWC7174,Active,true,2023-09-01T23:23:14.351Z
963177426279260449,Courtney-C02F83VQMD6T,Active,true,2023-09-01T21:10:09.166Z
848679487320853687,Showit-MGQ3CD4VNN,Active,true,2023-09-01T22:19:15.937Z
1107120215756907132,Showit-MGQ3CD4VNN,Active,true,2023-09-01T23:17:45.126Z
1108279063946014992,Steve-C02G1B0DQ05P,Active,true,2023-09-01T23:00:37.597Z
1018822862003309272,Steve-C02G1B0DQ05P,Active,true,2023-09-01T23:00:39.411Z
1108145212466965908,Dan-C02CJ1DPML7H,Active,true,2023-09-01T23:01:25.120Z
998639672372026242,Dan-C02CJ1DPML7H,Active,true,2023-09-01T23:04:47.342Z
1107137112955549834,Michele-HM2J4D0WJX,Active,true,2023-09-01T16:05:45.898Z
1043633184525621231,Michele-HM2J4D0WJX,Active,true,2023-09-01T17:09:01.221Z
1107239783094104336,Marty-V7GXWKLJ9J,Active,true,2023-09-01T22:57:56.371Z
1065931817733554209,Marty-V7GXWKLJ9J,Active,true,2023-09-01T23:06:50.398Z
963166675921158105,Jen-KX6T6RW4T6,Active,true,2023-09-01T23:20:01.822Z
1107293153850896656,Jen-KX6T6RW4T6,Active,true,2023-09-01T23:21:17.863Z
1107260709287764604,Anne-YFX7YK3WX6,Active,true,2023-09-01T23:18:18.970Z
1069847805826052161,Anne-YFX7YK3WX6,Active,true,2023-09-01T23:20:25.501Z
1107139104333046227,Mike-JLYXWMDYH6,Active,true,2023-09-01T23:08:56.683Z
960113641918772002,Mike-JLYXWMDYH6,Active,true,2023-09-01T22:01:38.266Z
1055221801623099725,Mary-XN9X45HXDM,Active,true,2023-09-01T19:55:26.886Z
1107154639296864723,Mary-XN9X45HXDM,Active,true,2023-09-01T22:42:36.883Z
1110298615267332105,Christy’s MacBook Air,Active,true,2023-09-01T22:55:27.510Z
1110298621218812291,Christys-MacBook-Air,Active,true,2023-09-01T22:48:00.985Z
1005823394761078374,Tracy-C02DMAW8MD6M,Active,true,2023-09-01T15:15:18.155Z
1108088813070364052,Tracy-C02DMAW8MD6M,Active,true,2023-09-01T22:09:52.692Z
1113361766493924950,Season-T9VP7QCXNK,Active,true,2023-09-01T19:55:36.479Z
1014208981699241825,Season-T9VP7QCXNK,Active,true,2023-09-01T20:03:42.257Z
1115257726996783643,Michael-MD9G4T52G5,Active,true,2023-09-01T17:04:29.195Z
1113415031640931259,Michael-MD9G4T52G5,Active,true,2023-09-01T16:32:15.244Z
1108552199860635044,Shelbi-C02FJ54LML7H,Active,true,2023-09-01T22:40:20.831Z
1112169414411931342,Tanya-FVFHN0XXQ6LT,Active,true,2023-09-01T23:06:25.175Z
1109281640126419384,Tanya-FVFHN0XXQ6LT,Active,true,2023-09-01T23:14:29.711Z
1113184646611613310,Robin-V96TGPY3V2,Active,true,2023-09-01T23:19:56.111Z
1109280587304129611,Robin-V96TGPY3V2,Active,true,2023-09-01T23:19:20.845Z
998403412251199017,rachel-C02DQ245Q6LT,Active,true,2023-09-01T23:14:45.101Z
1103943107118948024,rachel-C02DQ245Q6LT,Active,true,2023-09-01T22:31:51.401Z
1109312909166212900,Cassia-LJF6NV21N4,Active,true,2023-09-01T23:06:34.265Z
1118723633538888048,Cassia-LJF6NV21N4,Active,true,2023-09-01T22:57:03.611Z
998405279796619637,Sarah-C02CJBVEML7H,Active,true,2023-09-01T22:49:29.950Z
1108346372346384148,Sarah-C02CJBVEML7H,Active,true,2023-09-01T22:32:44.715Z
1107990289437503760,Kristine-C02XC01CJHD2,Active,true,2023-09-01T22:48:38.235Z
999846478705157898,Kristine-C02XC01CJHD2,Active,true,2023-09-01T22:10:53.100Z
1108105430545701492,Jessica-Y4JWK4VM7Q,Active,true,2023-09-01T22:39:13.483Z
1055220304873874337,Jessica-Y4JWK4VM7Q,Active,true,2023-09-01T23:12:24.371Z
997703960495856831,Jesse-C02DP12DQ6LT,Active,true,2023-09-01T22:57:18.932Z
1103517570796631319,Jesse-C02DP12DQ6LT,Active,true,2023-09-01T22:49:48.848Z
993636010623007040,Elka-C02F46L2ML85,Active,true,2023-09-01T20:10:17.242Z
1108416892655931156,Elka-C02F46L2ML85,Active,true,2023-09-01T19:19:55.692Z
964404255975806147,Brad-C02CW75AMD6T,Active,true,2023-08-18T08:42:59.026Z
1108254376544641491,Brad-C02CW75AMD6T,Active,true,2023-09-01T23:19:07.644Z
1108151058904985872,George-C02DC9R5ML7H,Active,true,2023-09-01T23:16:06.086Z
1022168935169388953,George’s MacBook Pro,Active,true,2023-09-01T23:16:29.666Z
1108050648394834387,Kylie-YGPXF2QJT4,Active,true,2023-09-01T22:52:51.983Z
1084952663790947448,Kylie-YGPXF2QJT4,Active,true,2023-09-01T20:37:20.864Z
978223381665263771,Alex-C02C86TPLVDL,Active,true,2023-09-01T21:40:15.035Z
1105398617187069332,Alex-C02C86TPLVDL,Active,true,2023-09-01T22:30:23.779Z
1113360347201127856,Samantha-FVFHN15TQ6LT,Active,true,2023-09-01T23:22:20.383Z
963175434435939615,Samantha-FVFHN15TQ6LT,Active,true,2023-09-01T21:26:29.175Z
1108419023745625492,Marcy-C02FX18TML85,Active,true,2023-09-01T22:26:29.283Z
1014789662665241079,Marcy-C02FX18TML85,Active,true,2023-09-01T20:25:00.160Z
1108550147387105747,Jennifer-C02GXG83Q6L7,Active,false,2023-09-01T23:19:18.193Z
1047944702551226462,Jennifer-C02GXG83Q6L7,Active,false,2023-09-01T23:19:18.911Z
980286293497943995,Melissa-C02DL05HP3YW,Active,true,2023-09-01T20:35:08.255Z
1108286435642319484,Melissa-C02DL05HP3YW,Active,true,2023-09-01T20:17:41.046Z
1108272494827090192,Scott-FVFHN270Q05P,Active,true,2023-09-01T22:50:48.114Z
1061297025403365730,Scott-FVFHN270Q05P,Active,true,2023-09-01T20:45:23.767Z
857927854329481830,Max-Q0K6KW5D25,Active,true,2023-09-01T21:29:59.255Z
1107113145616608660,Max-Q0K6KW5D25,Active,true,2023-09-01T23:11:33.540Z
1108016740099198740,Emily-V6C4F99T3J,Active,true,2023-09-01T23:23:25.774Z
1071553331916703489,Emily-V6C4F99T3J,Active,true,2023-09-01T23:09:07.584Z
1114492792204088113,Mia-NWX527RVKT,Active,true,2023-09-01T23:15:24.865Z
1114200819790540056,Mia-NWX527RVKT,Active,true,2023-09-01T22:39:16.502Z
943606733520312312,Whitney-QH7PHWM7R0,Active,true,2023-09-01T22:50:17.944Z
1108111701659099772,Whitney-QH7PHWM7R0,Active,true,2023-09-01T23:04:31.530Z
1107516178821793188,Susan-C02D8CR9ML7H,Active,true,2023-09-01T22:24:55.268Z
1015352327634326969,Anna-C02F1AZ4MD6M,Active,true,2023-08-31T20:15:00.324Z
1108233605058643364,Anna-C02F1AZ4MD6M,Active,true,2023-08-31T19:06:04.113Z
1118730533041906141,Jim-HJ209Y9L27,Active,true,2023-09-01T23:20:43.080Z
1004508504315447304,Jim-HJ209Y9L27,Active,true,2023-09-01T23:04:29.913Z
1103522476909444636,Tien-TTFGPHWKGX,Active,true,2023-09-01T22:32:35.144Z
1062620109795136823,Tien-TTFGPHWKGX,Active,true,2023-09-01T23:15:12.341Z
1108106603428883860,Daniel-C02X1M4ZJG5H,Active,true,2023-09-01T08:01:00.945Z
931580617627717674,Daniel-C02X1M4ZJG5H,Active,true,2023-09-01T06:19:08.979Z
1047869817949909264,Sarah-C02GM8FBQ05F,Active,true,2023-09-01T23:05:14.969Z
1108258054310505876,Sarah-C02GM8FBQ05F,Active,true,2023-09-01T23:19:53.678Z
1108143087481564564,Shannon-C02G86HWMD6M,Active,true,2023-09-01T22:56:37.776Z
1026218206770417701,Shannon-C02G86HWMD6M,Active,true,2023-09-01T20:48:56.888Z
1078706135567485714,Marc-PK7J6GK3Y7,Active,true,2023-09-01T23:10:03.787Z
1115217488630971258,Marc-C02FP44UMD6T,Active,true,2023-06-04T20:00:24.005Z
1108901876219023124,Marc-PK7J6GK3Y7,Active,true,2023-09-01T22:30:40.848Z
1113379150930811938,Quoc-KC064MH62T,Active,true,2023-09-01T22:43:29.356Z
943885929217624144,Quoc-KC064MH62T,Active,true,2023-09-01T22:50:31.895Z
1004040089725390590,Hannah-C02F4889ML7H,Active,true,2023-09-01T22:40:12.782Z
1108672728199672080,Hannah-C02F4889ML7H,Active,true,2023-09-01T23:24:04.104Z
1108447087598808468,Patrick-K3MG4QNJ6J,Active,true,2023-09-01T10:13:08.527Z
1090894156650456169,Patrick-K3MG4QNJ6J,Active,true,2023-09-01T10:30:41.880Z
1088536067747421041,Maria-C02XWA10JHD2,Active,true,2023-09-01T20:06:49.869Z
1108420685665701652,Maria-C02XWA10JHD2,Active,true,2023-09-01T23:18:28.405Z
1055220898387449420,Monica-Q0X4XL20D4,Active,true,2023-09-01T18:37:35.483Z
1108408925031364746,Monica-Q0X4XL20D4,Active,true,2023-09-01T22:43:37.350Z
1107108659403501840,Mary-YV2X771HJX,Active,true,2023-09-01T23:13:07.828Z
1055222975827995289,Mary-YV2X771HJX,Active,true,2023-09-01T22:31:28.440Z
1107421454864491132,Jenny-C02H19ZFQ05D,Active,true,2023-09-01T23:07:49.471Z
1051714121986205082,Jenny-C02H19ZFQ05D,Active,true,2023-09-01T21:04:50.502Z
1103529092648355898,Hanna-Q3HJ14960C,Active,true,2023-09-01T21:37:03.931Z
1082618123203366972,Hanna-Q3HJ14960C,Active,true,2023-09-01T23:08:34.880Z
1055234568698456574,Katy-YJH74KVL49,Active,true,2023-09-01T23:10:23.802Z
1108585936253221002,Katy-YJH74KVL49,Active,true,2023-09-01T23:15:20.569Z
1122220583003048901,Nora-C02GF460ML85,Active,true,2023-09-01T23:17:44.667Z
1023035885416890499,Nora-C02GF460ML85,Active,true,2023-09-01T23:05:00.632Z
1101996083244568476,Raffi-JQN06M9PGH (2),Active,true,2023-09-01T23:15:06.892Z
1107998950225813971,Raffi-JQN06M9PGH,Active,true,2023-09-01T23:16:54.536Z
1127295039606737390,Carrie-FVFHN0ZXQ6LT,Active,unknown,2023-08-22T01:30:04.069Z
1107117112035683732,Sean-F2QG3NC3QP,Active,true,2023-09-01T23:16:14.183Z
1070870918601062921,Sean-F2QG3NC3QP,Active,true,2023-09-01T22:05:04.418Z
1107139743695970771,Lauren-XR70X7MQM3,Active,true,2023-09-01T23:14:24.512Z
902013630187751551,Lauren-C02XT1ZTJHD4,Active,true,2023-09-01T23:16:06.991Z
1076945891118983985,Jasmin-C02C25CPMD6M,Active,true,2023-09-01T20:19:18.505Z
1105916361033106852,Jasmin-C02C25CPMD6M,Active,true,2023-09-01T20:02:13.041Z
1108127831604408592,Tim-FCXC1WRM0D,Active,true,2023-09-01T22:25:07.306Z
1055224101013958817,Tim-FCXC1WRM0D,Active,true,2023-09-01T22:50:05.710Z
1108166406755304868,Vanessa-FVFHN0SKQ6LT,Active,true,2023-08-31T23:29:52.365Z
1055222138281818705,Ahely-WFT2M6T0L2,Active,true,2023-09-01T23:23:49.435Z
1108251821276144252,Ahely-WFT2M6T0L2,Active,true,2023-09-01T23:23:10.713Z
1069064159469602102,Loaner-NJD6LWXH20,Active,true,2023-09-01T21:05:37.298Z
1107114983563993724,Molly-NJD6LWXH20,Active,true,2023-09-01T23:09:33.680Z
1055220716671975055,Lauren-G56GT6G72W,Active,true,2023-09-01T23:09:01.192Z
1107110530278881418,Lauren-G56GT6G72W,Active,true,2023-09-01T23:08:31.268Z
1107153515720710772,Keith-H14L9HFHNF,Active,true,2023-09-01T23:10:12.095Z
1075066474384043178,Keith-H14L9HFHNF,Active,true,2023-09-01T21:47:59.514Z
1069729458823073069,Constance-XY9V7L94RR,Active,true,2023-09-01T23:00:03.927Z
1108286822650976884,Constance-XY9V7L94RR,Active,true,2023-09-01T23:19:51.159Z
1074512817453327827,Fern-C02CM9XQML7H,Active,true,2023-09-01T23:19:26.053Z
1108276371418642570,Fern-C02CM9XQML7H,Active,true,2023-09-01T23:18:10.951Z
1122602223387281107,Sherry-H2WKPWV6YL,Active,true,2023-09-01T22:55:12.516Z
949117421153322789,Sherry-H2WKPWV6YL,Active,true,2023-09-01T23:14:55.598Z
1121438606240038213,Mel-MFP2514FDY,Active,true,2023-09-01T18:23:07.433Z
959832730656846257,Mel-MFP2514FDY,Active,true,2023-09-01T19:34:28.821Z
920549073879981006,Monica-MVMJFVQRW3,Active,true,2023-09-01T23:21:31.608Z
1061425978851101288,Paul-KVM2P9Y006,Active,true,2023-09-01T22:39:59.448Z
1113386988063452440,Paul-KVM2P9Y006,Active,true,2023-09-01T22:55:52.811Z
1108008412100032650,Alejandra-JDXC433FDK,Active,true,2023-09-01T22:46:09.396Z
1055221677599824793,Alejandra-JDXC433FDK,Active,true,2023-09-01T23:04:46.513Z
942604415443413438,Jennifer-C02FR3VFML85,Active,true,2023-09-01T21:30:52.460Z
1108270775617760660,Jennifer-C02FR3VFML85,Active,true,2023-09-01T22:47:57.256Z
1128852266937816865,Kevin’s MacBook Pro,Active,true,2023-09-01T22:20:11.927Z
925306601631782654,Kevin-C02ZJ4ACLVDL,Active,true,2023-09-01T22:50:25.134Z
1108417295203512592,Kevin-C02ZJ4ACLVDL,Active,true,2023-09-01T22:28:13.777Z
1128852251892348745,Kevins-MacBook-Pro,Active,true,2023-09-01T21:58:39.974Z
1112167110463606055,Francesca-P7QQC6FNXR,Active,true,2023-09-01T23:05:46.939Z
1005928525238263954,Francesca-C02XM1B4JHD2,Active,true,2023-09-01T20:10:50.514Z
1112005734340825349,Alexandra-VG4PGD77HN,Active,true,2023-09-01T22:48:46.296Z
1108544728061125075,Alexandra-VG4PGD77HN,Active,true,2023-09-01T23:05:59.321Z
1074466127787132410,Nancy-LH44CLJ03N,Active,true,2023-09-01T23:20:21.377Z
1113057382744628257,Nancy-LH44CLJ03N,Active,true,2023-09-01T23:03:08.958Z
1107235646456186276,Leo-FVFGH6HVQ05D,Active,true,2023-09-01T23:00:11.790Z
1058378325311775229,Leo-FVFGH6HVQ05D,Active,true,2023-09-01T22:45:14.896Z
1108154430238999972,Brittnee-C02ZL033LVDL,Active,true,2023-09-01T17:51:02.739Z
927799883917519291,Brittnee-C02ZL033LVDL,Active,true,2023-09-01T19:51:50.586Z
1108165828305197684,Mele-VL7WV0C67M,Active,true,2023-09-01T22:42:08.140Z
1021892758754037903,Mele-VL7WV0C67M,Active,true,2023-09-01T22:14:05.956Z
945630866880289253,Megan-F9VJ7M7D3J,Active,true,2023-09-01T22:03:06.846Z
1108587023836093044,Megan-F9VJ7M7D3J,Active,true,2023-09-01T23:24:41.582Z
1107238047244390164,Raahsaan-C02H1AH6Q05D,Active,true,2023-09-01T19:51:47.494Z
1051740968993192222,Raahsaan-C02H1AH6Q05D,Active,true,2023-09-01T20:13:57.288Z
1050985806583400894,Jalon-C02H16TRQ05D,Active,true,2023-09-01T19:35:30.008Z
1107235867227571620,Jalon-C02H16TRQ05D,Active,true,2023-09-01T19:06:45.907Z
1107300306788323092,Jayla-C02H19Q9Q05D,Active,true,2023-09-01T23:19:53.678Z
1058678436907488905,Jayla-C02H19Q9Q05D,Active,true,2023-09-01T22:35:10.706Z
947064099959776825,Regina-KJ69P2Q0JW,Active,true,2023-09-01T18:44:53.972Z
1113380422543121442,Regina-KJ69P2Q0JW,Active,true,2023-09-01T18:45:47.663Z
1107235548627774868,Dr.-FVFGH3D6Q05D,Active,true,2023-09-01T22:44:24.784Z
1033040090207173982,DrTyler-FVFGH3D6Q05D,Active,true,2023-09-01T23:22:13.298Z
949262567006237344,Erika-C02CF5G6LVDL,Active,true,2023-09-01T21:35:52.555Z
1114502099800976664,Erika-C02CF5G6LVDL,Active,true,2023-09-01T22:41:54.641Z
1105419762984000116,Ada-C02GJ1H1ML85,Active,true,2023-09-01T22:11:28.971Z
1047685518318522719,Ada-C02GJ1H1ML85,Active,true,2023-09-01T22:39:34.935Z
1055223690791538988,Carri-Y56KFPYJCD,Active,true,2023-09-01T21:54:44.846Z
1107103407183531796,Carri-Y56KFPYJCD,Active,true,2023-09-01T23:14:13.147Z
1107103152500453648,Patrick-DW2WL70WW9,Active,true,2023-09-01T23:18:13.988Z
1055221441047886573,Patrick-DW2WL70WW9,Active,true,2023-09-01T22:09:15.114Z
1055222662016499998,Jey-H4RVF6JY21,Active,true,2023-09-01T19:58:12.248Z
1107132524830428948,Jey-H4RVF6JY21,Active,true,2023-09-01T22:50:26.931Z
1107939744100894116,Ann-Katherine-L5FCJ32K3P,Active,true,2023-09-01T20:52:29.147Z
1071041520374361328,Ann-Katherine-L5FCJ32K3P,Active,true,2023-09-01T21:48:55.893Z
1108255157373051347,Rudi-W6F66VQCFD,Active,true,2023-09-01T22:58:54.274Z
1065668331603560096,Rudi-W6F66VQCFD,Active,true,2023-09-01T23:10:16.365Z
954758892789394020,Amanda-C02CNF26ML7H,Active,true,2023-09-01T21:15:13.365Z
1108261844429961354,Amanda-C02CNF26ML7H,Active,true,2023-09-01T20:15:33.449Z
1108556085902216980,Kelly-F4J4C6TV25,Active,true,2023-09-01T23:22:32.641Z
1101281368230236282,Kelly-F4J4C6TV25,Active,true,2023-09-01T22:14:37.395Z
1128543893863131092,Ben-WK7LRX090V,Active,true,2023-09-01T22:42:40.942Z
1128543107371638001,Ben-WK7LRX090V,Active,true,2023-09-01T22:42:44.828Z
1105627183636530596,Ben-C02DT07BQ05Q,Active,true,2023-08-30T00:41:59.076Z
1010871280539144608,Ben-C02DT07BQ05Q,Active,true,2023-08-30T01:31:46.964Z
1128699098354494845,Avishek’s MacBook Pro,Active,true,2023-09-01T20:42:03.662Z
1128699109508698448,Avisheks-MacBook-Pro,Active,true,2023-09-01T22:38:11.450Z
1108254384111165907,Avishek-C02CR5UGP3YV,Active,true,2023-09-01T22:15:34.711Z
960860188447033972,MacBook Pro,Active,true,2023-09-01T21:03:54.384Z
960116044282989700,Bryan-MM4K6CM75R,Active,true,2023-09-01T23:15:18.126Z
1108125117556966820,Bryan-MM4K6CM75R,Active,true,2023-09-01T23:12:08.809Z
1108956349122224764,Sophie-TX7X3MQ9YK,Active,true,2023-09-01T22:26:00.289Z
1057499863216389158,Sophie-TX7X3MQ9YK,Active,true,2023-09-01T22:15:08.151Z
1009828618555874761,Carlee-J99164Q26G,Active,true,2023-09-01T21:31:12.425Z
1113474652873541040,Carlee-J99164Q26G,Active,true,2023-09-01T22:52:00.943Z
997514692077892730,Scott-C02DW6UEML85,Active,true,2023-09-01T21:54:58.193Z
1108410416178644388,Scott-C02DW6UEML85,Active,true,2023-09-01T21:00:45.657Z
1107248765663418996,Monica-C02FX2KDML85,Active,true,2023-09-01T21:54:53.265Z
1033081617803475880,Monica-C02FX2KDML85,Active,false,2023-09-01T22:14:54.220Z
960113681725233536,Sergio-C02X65JKJHD2,Active,true,2023-09-01T21:14:43.599Z
1107297066429422196,Sergio-C02DTJ6FML7H,Active,true,2023-09-01T22:54:53.251Z
1055221584508172851,Kerri-VKC6QY99P5,Active,true,2023-09-01T23:05:26.364Z
1107943096795538044,Kerri-VKC6QY99P5,Active,true,2023-09-01T23:02:44.612Z
960115381717646534,Beatriz-C02YD2LBJGH5,Active,true,2023-09-01T18:19:18.669Z
1107258596482622076,Beatriz-C02YD2LBJGH5,Active,true,2023-09-01T21:45:47.074Z
1126652488967810449,Diedra-HXWKFWDDGH,Active,true,2023-09-01T23:21:49.235Z
963873459119674549,Diedra-HXWKFWDDGH,Active,true,2023-09-01T22:36:51.101Z
1107255039352502410,Sharvo-MHXQ31YKWM,Active,true,2023-09-01T23:20:38.016Z
966334832303074345,Sharvonne-MHXQ31YKWM,Active,true,2023-09-01T23:20:39.658Z
1108127762412706420,Stephen-C02FXMESMD6M,Active,true,2023-09-01T22:54:18.863Z
968530827925781874,Stephen-C02FXMESMD6M,Active,true,2023-09-01T23:20:47.495Z
970538045056823316,Lan-FVFHN0U8Q6LT,Active,true,2023-09-01T19:26:58.681Z
1108252582857715092,Lan-FVFHN0U8Q6LT,Active,true,2023-09-01T23:20:59.516Z
1055425685483705370,Jennifer-C02FP81YML85,Active,true,2023-09-01T22:43:24.574Z
1107113790477826186,Jennifer-C02FP81YML85,Active,true,2023-09-01T22:50:07.074Z
1126235951758654958,Albert’s MacBook Pro,Active,true,2023-09-01T21:55:10.013Z
1126234316597671637,Alberts-MacBook-Pro,Active,true,2023-09-01T23:20:08.811Z
1128274074470888264,Albert-C02D6D4NMD6M,Active,true,2023-08-28T22:52:37.832Z
1128275534012962823,Albert-C02D6D4NMD6M,Active,true,2023-08-28T23:21:03.032Z
1110276670162084199,Hamiltons-MacBook-Pro,Active,true,2023-09-01T22:57:52.514Z
1107132682600754580,Hamilton-C02DD2C4MD6R,Active,true,2023-09-01T22:40:48.310Z
974601094506042276,Hamilton-C02DD2C4MD6R,Active,true,2023-09-01T21:41:32.391Z
1110276673679718346,Hamilton’s MacBook Pro,Active,true,2023-09-01T20:59:58.862Z
1105426310818636243,Federica-C02D819TML7H,Active,true,2023-09-01T22:52:26.639Z
984354474236614588,Federica-C02D819TML7H,Active,true,2023-09-01T20:37:22.509Z
1069693244786080025,Nytesia-VHY7GVP44X,Active,true,2023-09-01T23:14:39.315Z
1107209440765710100,Nytesia-VHY7GVP44X,Active,true,2023-09-01T23:12:28.085Z
1104943159998818747,Luisa-C02DV1CJMD6R,Active,true,2023-09-01T22:49:25.741Z
985367075543428313,Luisa-C02DV1CJMD6R,Active,true,2023-09-01T23:09:47.139Z
983478841081463549,Rachel-C02DP033Q05N,Active,true,2023-09-01T14:29:46.389Z
1107236437786668436,Rachel-C02DP033Q05N,Active,true,2023-09-01T13:14:03.671Z
1108314251839010954,William-C02GD81XML85,Active,true,2023-09-01T23:09:08.672Z
1027506417161075479,William-C02GD81XML85,Active,true,2023-09-01T22:09:25.024Z
1105400212549780900,Michael-KG44Y67FQR,Active,true,2023-09-01T23:17:01.782Z
1055220404809273466,Michael-KG44Y67FQR,Active,true,2023-09-01T23:20:27.961Z
998408736702505170,dsRecTypeStandard:Users-C02DT3,Active,true,2023-08-31T23:54:40.495Z
1107236518807216764,CJS-C02DT3S4ML7H,Active,true,2023-09-01T00:07:57.905Z
1107989551981732307,Russlynn-C02H91C1Q05P,Active,true,2023-08-17T08:57:02.694Z
1063480936408794176,Russlynn-C02H91C1Q05P,Active,true,2023-08-17T08:59:01.211Z
1122182947739480359,EC-FVFHN115Q6LT,Active,true,2023-07-19T17:17:08.511Z
1108068780557738620,Chris-WD6K3JVQV1,Active,true,2023-09-01T23:22:50.679Z
1061037969257836583,Chris-WD6K3JVQV1,Active,true,2023-09-01T21:45:08.367Z
1107996517226294676,Charles-C02DQCAWMD6M,Active,true,2023-08-14T13:34:18.459Z
1000993630648652024,Charles-C02DQCAWMD6M,Active,true,2023-08-14T14:18:11.696Z
1126274596841984929,test-C02F84T1MD6M,Active,true,2023-09-01T19:19:25.653Z
1126272008081871279,test-C02F84T1MD6M,Active,true,2023-09-01T23:16:36.335Z
1108112496023350676,Amber-C02F1M6SMD6M,Active,true,2023-09-01T22:51:38.171Z
998563059657851718,Amber-C02F1M6SMD6M,Active,true,2023-09-01T20:51:31.741Z
1004040373142482671,Dheeraj-FVFD10YBMNHX,Active,true,2023-08-28T14:35:46.214Z
1104787929685876408,Dheeraj-FVFD10YBMNHX,Active,true,2023-08-28T14:30:53.026Z
1126715148660745240,Dheeraj-FVFFP1LWQ05F,Active,true,2023-09-01T21:39:40.684Z
1126715090483900308,Dheeraj-FVFFP1LWQ05F,Active,true,2023-09-01T23:15:39.789Z
1103217527386324508,Matt-NMV419VWYX,Active,true,2023-09-01T23:10:31.892Z
1126758799309906658,Brad-C02CW75AMD6T,Active,true,2023-09-01T22:17:40.442Z
1036079120322256384,Matt-NMV419VWYX,Active,true,2023-09-01T22:45:20.011Z
1107127848478519568,Anna-C02F1PY5MD6M,Active,true,2023-09-01T22:46:56.544Z
1094772954727916303,Anna-C02F1PY5MD6M,Active,true,2023-09-01T19:45:42.980Z
1006511524590524436,Samantha-C02DX4MZML7H,Active,true,2023-09-01T23:04:48.351Z
1107235632248033044,Samantha-C02DX4MZML7H,Active,true,2023-09-01T22:37:16.656Z
997828351286514843,Todd-C02DW6UDML85,Active,true,2023-09-01T22:00:24.961Z
1108045613635454372,Todd-C02DW6UDML85,Active,true,2023-09-01T22:39:51.486Z
1105972568064613646,Todd-C02F8FL8Q05N,Active,true,2023-09-01T20:37:10.758Z
1104521834208512710,Martin-YQ35903F20,Active,true,2023-09-01T21:45:05.836Z
998387968619366144,Martin-YQ35903F20,Active,true,2023-09-01T22:38:35.634Z
1108113576123739540,Kristine-C02F80YQMD6M,Active,true,2023-09-01T23:00:26.996Z
1085649192532793617,Kristine-C02F80YQMD6M,Active,true,2023-09-01T23:11:26.957Z
1108013860859093459,Jesse-RCV9LL6N0R,Active,true,2023-09-01T23:23:55.302Z
1062885980797590636,Jesse-RCV9LL6N0R,Active,true,2023-09-01T22:55:33.748Z
1086242620745543761,Annette-KV469QP21W,Active,true,2023-09-01T20:49:34.485Z
1108108258689163900,Annette-KV469QP21W,Active,true,2023-09-01T22:52:33.688Z
1108541919045851764,Brenda-C02CTDWGML7H,Active,true,2023-09-01T19:40:53.080Z
1045536169933354233,Brenda-C02CTDWGML7H,Active,true,2023-09-01T20:10:10.777Z
1032027422833536979,Christina-WWGC429D1W,Active,true,2023-09-01T22:40:13.033Z
1107106899512037140,Christina-WWGC429D1W,Active,true,2023-09-01T23:07:09.108Z
999804184937957070,Ross-C02F66KBMD6M,Active,true,2023-09-01T23:18:27.414Z
1108256776435660938,Ross-C02F66KBMD6M,Active,true,2023-09-01T22:35:56.951Z
1001153689652229158,Jack-C02F32ZHML7H,Active,true,2023-09-01T23:00:17.153Z
1107326444533223188,Jack-C02F32ZHML7H,Active,true,2023-09-01T21:41:53.523Z
1000993781600672535,Laurie-C02F53VQML7H,Active,true,2023-09-01T21:55:55.507Z
1107359430048424403,L-C02F53VQML7H,Active,true,2023-09-01T21:01:44.973Z
1108256998841683732,Joanna-C02FL19WML85,Active,true,2023-09-01T23:14:25.669Z
1005315246245074397,Joanna-C02FL19WML85,Active,true,2023-09-01T21:25:31.758Z
1109567392148255107,Kimmy-C02F83HYMD6M,Active,true,2023-09-01T23:23:00.049Z
1004040428454222124,Kimmy-C02F83HYMD6M,Active,true,2023-09-01T20:50:42.798Z
1115363784786877474,Lia-C02FH1E1MD6M,Active,true,2023-08-30T17:56:29.960Z
1004600794696819875,Lia-C02FH1E1MD6M,Active,true,2023-08-30T16:24:33.757Z
1005511211344959282,Daniel-C02FL1GMML85,Active,true,2023-09-01T23:21:04.267Z
1108284680672719120,Daniel-C02FL1GMML85,Active,true,2023-09-01T23:16:57.162Z
1008538251236114356,Jenelle-C02FL8U9MD6M,Active,true,2023-09-01T20:45:59.154Z
1108110610027065616,Jenelle-C02FL8U9MD6M,Active,true,2023-09-01T22:45:06.048Z
1107153988072448467,Mozzie-C02FM45FML7H,Active,true,2023-09-01T22:07:05.424Z
1010341313746419040,Mozzie-C02FM45FML7H,Active,true,2023-09-01T22:50:41.620Z
1012713635735901215,Ahmad-C02FW1HYQ05P,Active,true,2023-09-01T23:14:23.431Z
1103522468098296518,Ahmad-C02FW1HYQ05P,Active,true,2023-09-01T23:18:04.954Z
1011740943844282066,Courtney-C02FT4YTML85,Active,true,2023-08-29T22:22:21.495Z
1108250829684185716,Courtney-C02FT4YTML85,Active,true,2023-09-01T23:24:43.018Z
1074271693439733439,Crystal-C02F1H80MD6M,Active,true,2023-09-01T22:34:45.824Z
1107991780870595196,Crystal-C02F1H80MD6M,Active,true,2023-09-01T21:27:07.045Z
1108045726255806602,Hope-C02F84MCMD6N,Active,true,2023-09-01T22:38:40.203Z
1011583989630307849,Hope-C02F84MCMD6N,Active,true,2023-09-01T22:40:03.862Z
1104567723592048312,Abby-RYFC63DMQF,Active,true,2023-09-01T22:45:57.564Z
1076066876882178348,Abby-RYFC63DMQF,Active,true,2023-09-01T22:49:23.655Z
1074517473468592110,Kayleah-L6LYK97VH6,Active,true,2023-09-01T23:00:20.765Z
1107119462812230268,Kayleah-L6LYK97VH6,Active,true,2023-09-01T22:53:05.963Z
1108123211195467172,Flav-C02FH218MD6M,Active,true,2023-09-01T23:02:26.383Z
1013630600093555028,Flav-C02FH218MD6M,Active,true,2023-09-01T22:27:19.351Z
1108262094714777872,darla-C02FW024ML85,Active,true,2023-09-01T21:46:40.585Z
1013613488532548745,darla-C02FW024ML85,Active,true,2023-09-01T22:09:19.027Z
1052737831194765441,Tiffany-C02FL02YML86,Active,true,2023-09-01T20:25:34.009Z
1108262543874404624,Tiffany-C02FL02YML86,Active,true,2023-09-01T20:29:14.439Z
1104058899012362767,Laurence-C02FT3RVMD6M,Active,true,2023-09-01T21:49:03.526Z
1018659017183987549,Laurence-C02FT3RVMD6M,Active,true,2023-09-01T23:01:56.313Z
1015478556100857945,Melinda-C02FC6FCMD6M,Active,true,2023-09-01T21:33:43.874Z
1108137948486086036,Melinda-C02FC6FCMD6M,Active,true,2023-09-01T22:18:16.321Z
1107240988668983434,LaQuay-C02DF314M6KG,Active,true,2023-09-01T20:53:07.716Z
1018086374550105967,LaQuay-C02DF314M6KG,Active,true,2023-09-01T19:04:48.000Z
1018660744764700733,Janet-C02CV5J5MD6M,Active,true,2023-08-31T18:49:53.311Z
1114361463685721686,Janet-C02CV5J5MD6M,Active,true,2023-08-31T20:33:55.770Z
1108408361522867604,Brighette-FVFZ91JLL413,Active,true,2023-04-25T19:10:52.000Z
1018670266991872039,Emerson-C02X54BGJHD2,Active,true,2023-09-01T23:24:07.839Z
1108541365301849492,Ryan-C02X54BGJHD2,Active,true,2023-09-01T22:30:14.057Z
1108419445575167380,Kristal-C02FT36DML85,Active,true,2023-09-01T14:30:26.567Z
1018797188100041172,Kristal-C02FT36DML85,Active,true,2023-09-01T14:59:40.810Z
1107988373481762196,Kia-C02ZM1BZLVCF,Active,true,2023-09-01T22:49:08.761Z
1018843095023707477,Kia-C02ZM1BZLVCF,Active,true,2023-09-01T23:25:20.238Z
1124650516892671814,Sarah-G2X0F4GR9G,Active,true,2023-09-01T23:25:13.988Z
1119589605590224218,Sarah-G2X0F4GR9G,Active,true,2023-09-01T23:23:46.926Z
1025359503486822405,Marc-C02G434LMD6M,Active,true,2023-09-01T21:14:30.109Z
1108257495045382780,Marc-C02G434LMD6M,Active,true,2023-09-01T23:05:48.105Z
1108127118709736868,Lola-CNV7JV9HNQ,Active,true,2023-09-01T23:05:43.414Z
1027952699565277543,Lola-C02GG2QFML85,Active,true,2023-09-01T20:40:41.367Z
1047662961568864105,Beth-C02DT4NCML7H,Active,true,2023-09-01T23:19:42.466Z
1107217655341034900,Beth-C02DT4NCML7H,Active,true,2023-09-01T23:24:26.365Z
1109012057356630154,Ben-C02GF461ML85,Active,true,2023-09-01T23:22:34.576Z
1028963657773438523,Ben-C02GF461ML85,Active,true,2023-09-01T20:24:14.294Z
1108551880922968336,Michael-C02G92XDML85,Active,true,2023-08-30T17:42:09.159Z
1128842792075847866,Michael-FVFHN10CQ6LT,Active,true,2023-09-01T22:55:09.192Z
1030858723633703199,Michael-C02G92XDML85,Active,true,2023-08-30T15:15:40.044Z
1128842575884267730,Michael-FVFHN10CQ6LT,Active,true,2023-09-01T22:42:46.735Z
1109287997596228377,Jennifer-LTWQDTWWF9,Active,true,2023-09-01T21:53:04.618Z
1113361247822609274,Jennifer-LTWQDTWWF9,Active,true,2023-09-01T23:20:08.811Z
1055222740616936161,Liz-KX4QHHWG4Q,Active,true,2023-09-01T21:05:26.538Z
1108257249922095732,Liz-KX4QHHWG4Q,Active,true,2023-09-01T23:22:05.245Z
1108258516836939914,Brady-CN2X5PJXNG,Active,true,2023-05-05T16:29:00.382Z
1108328840066838800,Brady-H4TGT0SFQ6X6,Active,true,2023-05-01T04:13:43.593Z
1055223675099039909,Brady-CN2X5PJXNG,Active,true,2023-05-05T16:47:12.506Z
1048556579554850159,Brady-H4TGT0SFQ6X6,Active,true,2023-05-01T04:08:23.416Z
1040355926743118264,nma-mbp,Active,true,2023-09-01T23:25:16.968Z
1107139137318457108,Nathan-VJ2Y99D6C6,Active,true,2023-09-01T23:25:03.231Z
1041035185640489895,Charlotte-TL07MLH99L,Active,true,2023-09-01T21:00:15.246Z
1108106516675109331,Charlotte-TL07MLH99L,Active,true,2023-09-01T23:11:22.765Z
1055220921692459098,Jeanie-Q03QWYG6PF,Active,true,2023-08-31T10:30:03.274Z
1107372149140342180,Jeanie-Q03QWYG6PF,Active,true,2023-09-01T22:51:48.856Z
1107128659939662452,Zoe-MM6346596J,Active,true,2023-09-01T23:15:35.350Z
1055221361683629309,Zoe-MM6346596J,Active,true,2023-09-01T23:16:20.185Z
1108133170984646794,Abbye-WMT4NK62J7,Active,true,2023-09-01T21:37:06.843Z
1055225781677767147,Abbye-WMT4NK62J7,Active,true,2023-09-01T22:09:34.764Z
1055221438438598925,Stephanie-MF23R764K9,Active,true,2023-09-01T19:25:45.441Z
1107101109754501748,Stephanie-MF23R764K9,Active,true,2023-09-01T23:04:23.113Z
1046693033579656420,Ceylan’s MacBook Pro,Active,true,2023-09-01T20:14:00.117Z
1106559528471492746,Ceylan-C02CX0X4P3YW,Active,true,2023-09-01T22:56:43.812Z
1046683963364942649,Leslie-KXFKF6PVXG,Active,true,2023-09-01T21:35:08.275Z
1124510113747334686,Leslie-KXFKF6PVXG,Active,true,2023-09-01T20:24:20.472Z
1046682960939921831,Jenee-NH0025RXJ9,Active,true,2023-09-01T23:00:50.874Z
1105404109428040147,Eric-R42JJY10QX,Active,true,2023-09-01T22:52:39.421Z
1055219654076175615,Eric-R42JJY10QX,Active,true,2023-09-01T21:55:16.822Z
1055349279223722955,Richard-VNY4MQ6R7W,Active,false,2023-09-01T23:00:46.362Z
1108596711945389476,Richard-VNY4MQ6R7W,Active,true,2023-09-01T22:11:21.880Z
1115366859792120698,celestine-FVFHN0PZQ6LT,Active,true,2023-09-01T23:16:27.372Z
1081028514570078693,Celestine-C02TC2QSGTFM,Active,true,2023-09-01T23:07:52.335Z
1108414345265623312,Zareen-FVFCRD8FMNHX,Active,true,2023-09-01T22:30:25.902Z
1047665983511267831,Zareen-FVFCRD8FMNHX,Active,true,2023-09-01T19:38:09.662Z
1127684002713480676,Bobbie-C02F67U8MD6M,Active,true,2023-09-01T02:13:10.615Z
1048687638810051265,Bobbie’s MacBook Pro,Active,true,2023-09-01T20:34:55.627Z
1127687862033723438,Bobbie-C02F67U8MD6M,Active,true,2023-09-01T02:34:51.037Z
1106548041531127946,Bobbie-C02FK0QJQ05P,Active,true,2023-09-01T22:47:04.716Z
1106531601069715728,Mary-C02F82DVQ05N,Active,true,2023-09-01T23:15:26.635Z
1049123935600185758,Mary’s MacBook Pro (2),Active,true,2023-09-01T20:21:59.699Z
1106526944456286675,Britney-C02F82DTQ05N,Active,true,2023-09-01T22:46:32.291Z
1048682232080709076,Britney’s MacBook Pro,Active,true,2023-09-01T23:25:16.489Z
1048684639617238135,LeBrain,Active,true,2023-09-01T21:30:46.421Z
1106943937542697232,Shannon-C02FK0QGQ05P,Active,true,2023-09-01T23:22:12.920Z
1055222704529502100,Khadija-RMC4HMQ49K,Active,true,2023-09-01T22:54:48.611Z
1107245158561978996,Khadija-RMC4HMQ49K,Active,true,2023-09-01T23:25:15.459Z
1060269861420467707,Allegra-HQQKQQV5P6,Active,true,2023-09-01T22:50:09.466Z
1108255347058418300,Allegra-HQQKQQV5P6,Active,true,2023-09-01T23:24:57.397Z
1051274405111431548,Jason-C02H16XYQ05D,Active,true,2023-09-01T23:15:10.991Z
1107241236995804948,Jason-C02H16XYQ05D,Active,true,2023-09-01T23:10:50.444Z
1061752641506808491,Miles-QTJX6MV540,Active,true,2023-09-01T23:00:27.348Z
1105487336903053076,Miles-QTJX6MV540,Active,true,2023-09-01T23:11:52.475Z
1055221391373279153,Marissa-F52XP6YX4V,Active,true,2023-09-01T22:17:50.810Z
1108588450310267516,Marissa-F52XP6YX4V,Active,true,2023-09-01T22:58:23.322Z
1053371281255349940,Tony-C02H1AG1Q05D,Active,true,2023-08-19T18:33:46.991Z
1109002257247893642,Tony-C02H1AG1Q05D,Active,true,2023-08-19T18:09:13.290Z
1108968440674201872,Madeleine-C02ZN4M7LVDL,Active,true,2023-09-01T23:17:35.757Z
1047672423878430406,Madeleine-C02ZN4M7LVDL,Active,true,2023-09-01T23:17:50.893Z
1120727765798665541,Luke-C02DN821MD6M,Active,true,2023-09-01T21:25:41.919Z
1126529522157692317,Luke-C02DN821MD6M,Active,true,2023-09-01T22:40:20.459Z
1107103963247578900,Joyce-TK260N469C,Active,true,2023-09-01T22:54:50.190Z
1055343090707021368,Joyce-TK260N469C,Active,true,2023-09-01T22:39:48.309Z
1108442389997719316,Ana-TF71FFQ1XN,Active,true,2023-09-01T23:02:54.845Z
1055450757898396894,Ana-TF71FFQ1XN,Active,true,2023-09-01T23:25:01.014Z
1055224880945554518,Tamra-FVHG62REQ05D,Active,true,2023-08-16T16:43:49.797Z
1124485914989903420,Tamra-HJR0XW629F,Active,true,2023-08-21T22:45:35.391Z
1107248225861748132,Tamra-FVHG62REQ05D,Active,true,2023-08-16T16:05:57.468Z
1124485217080210974,Tamra-HJR0XW629F,Active,true,2023-08-21T21:43:29.398Z
1108259829961180580,Rachel-RTFK64DM42,Active,true,2023-09-01T15:18:10.567Z
1056229870373395220,Rachel-RTFK64DM42,Active,true,2023-09-01T16:10:17.634Z
1058236060902588802,Dana-Y9CQKD9569,Active,true,2023-09-01T22:30:42.014Z
1108108519138665084,Dana-Y9CQKD9569,Active,true,2023-09-01T22:02:12.402Z
1057658148353253621,Melissa-DF2LRW1405,Active,true,2023-09-01T19:55:32.502Z
1108130151437933172,Melissa-DF2LRW1405,Active,true,2023-09-01T19:25:23.005Z
1058312164753852232,Ashley-D6K0WJR621,Active,true,2023-09-01T22:40:10.880Z
1108146760227616906,Ashley-D6K0WJR621,Active,true,2023-09-01T22:48:28.374Z
1058190208344619929,Liviu-H24H2QG7JG,Active,true,2023-09-01T22:50:12.848Z
1107990286892306196,Liviu-H24H2QG7JG,Active,true,2023-09-01T23:22:34.031Z
1106967472440287699,Gabriel-C02H21R7Q05D,Active,true,2023-09-01T19:37:19.065Z
1058284697771346781,Gabriel-C02H21R7Q05D,Active,true,2023-09-01T23:18:18.602Z
1108111085272799860,Britney-GYKW4YWVTR,Active,true,2023-09-01T23:05:31.175Z
1059159250907010845,Britney-GYKW4YWVTR,Active,true,2023-09-01T21:05:28.637Z
1108120949089414548,Nicki-NW5996X1WN,Active,true,2023-09-01T22:55:26.996Z
1059270396817317982,Nicki-NW5996X1WN,Active,true,2023-09-01T22:59:21.182Z
1108413291340481956,Carole-C9WLY03L7V,Active,true,2023-09-01T22:57:55.201Z
1059271890908482334,Carole-C9WLY03L7V,Active,true,2023-09-01T23:13:59.845Z
1128820551591250868,Adina’s MacBook Pro,Active,true,2023-09-01T14:49:09.387Z
1108234227409005972,Adina-C02G627WMD6N,Active,true,2023-09-01T23:05:11.833Z
1059288319125586799,Adina-C02G627WMD6N,Active,true,2023-09-01T21:39:16.808Z
1128820543107725964,Adinas-MacBook-Pro,Active,true,2023-09-01T14:24:02.410Z
1059541955253392559,Shannon-FVFZ830ZL414,Active,true,2023-09-01T20:02:02.626Z
1108015767438696915,Shannon-FVFZ830ZL414,Active,true,2023-09-01T23:01:55.226Z
1108108319070364284,Sara-M2MW9K27D6,Active,true,2023-09-01T23:16:26.531Z
1059987865490736953,Sara-M2MW9K27D6,Active,true,2023-09-01T23:20:06.997Z
1106971390484650612,Kruti-Y6XHRX0G67,Active,true,2023-08-22T19:25:18.738Z
1060906933935195150,Kruti-Y6XHRX0G67,Active,true,2023-08-22T20:31:40.056Z
1061281133467717442,Shana-FVFHN0NXQ6LT,Active,true,2023-09-01T19:04:32.196Z
1108416648846814612,Shana-FVFHN0NXQ6LT,Active,true,2023-09-01T19:17:18.419Z
1107128482528005908,Brittany-NJTF9MY4VJ,Active,true,2023-09-01T23:12:07.513Z
1064379093590774947,Brittany-NJTF9MY4VJ,Active,true,2023-09-01T23:14:22.932Z
1062437521869951229,Cas-FVFHN167Q6LT,Active,true,2023-09-01T22:54:44.899Z
1108108018438672148,Cas-FVFHN167Q6LT,Active,true,2023-09-01T23:01:42.825Z
1064665874311782321,Julien’s MacBook Pro,Active,true,2023-09-01T21:10:22.548Z
1126237286141043733,Juliens-MacBook-Pro,Active,true,2023-09-01T22:50:57.897Z
1108263251290656532,Katherine-C02FL5HVML7H,Active,true,2023-09-01T22:30:14.951Z
1061636912853889299,Katherine-C02FL5HVML7H,Active,true,2023-09-01T22:04:47.527Z
1107240917449546356,Anna-T04WQ4VCM2,Active,true,2023-09-01T23:05:51.332Z
1065671245849921116,Anna-T04WQ4VCM2,Active,true,2023-09-01T23:25:15.414Z
1062491170573824950,Shauna-C02DT60KML85,Active,true,2023-09-01T22:57:31.710Z
1108564519667234954,Shauna-C02DT60KML85,Active,true,2023-09-01T23:08:00.100Z
1064355427819448126,Priyanka-Q17Y9M7FYF,Active,true,2023-09-01T21:16:01.685Z
1108115719492180596,Priyanka-Q17Y9M7FYF,Active,true,2023-09-01T22:58:21.924Z
1107242409413965962,Jennifer-FVFHN118Q6LT,Active,true,2023-09-01T08:00:34.967Z
1097128548491188774,Jennifer-FVFHN118Q6LT,Active,true,2023-09-01T08:19:05.237Z
1064296907244274527,Andrea-FVFHN11DQ6LT,Active,true,2023-09-01T22:45:34.676Z
1107247183797456660,Andrea-FVFHN11DQ6LT,Active,true,2023-09-01T23:17:14.956Z
1107248868764665252,Jazmin-FVFHN0R8Q6LT,Active,true,2023-09-01T23:17:06.594Z
1064601064588975390,Jazmin-FVFHN0R8Q6LT,Active,true,2023-09-01T23:24:16.774Z
1108145564850976906,LinYee-FVFHN10EQ6LT,Active,true,2023-09-01T22:56:29.916Z
1063326987054009633,LinYee-FVFHN10EQ6LT,Active,true,2023-09-01T20:32:48.160Z
1063224265927871448,Eleni Estia Spanos,Active,true,2023-09-01T23:09:52.209Z
1108723128838374820,Eleni-FX2LFJW4Q7,Active,true,2023-09-01T22:53:13.340Z
1108550268517860772,Tara-FVFHN109Q6LT,Active,true,2023-09-01T23:07:11.014Z
1063256360070799903,Tara-FVFHN109Q6LT,Active,true,2023-09-01T22:47:09.438Z
1121641650656542059,Guilherme’s MacBook Pro,Active,true,2023-09-01T21:25:19.623Z
1121641665628473043,Guilhermes-MacBook-Pro,Active,true,2023-09-01T23:12:48.120Z
1071898113779094017,Julius-C02Z87T3LVDL,Active,true,2023-09-01T15:49:40.026Z
1108543188280585620,Julius-C02Z87T3LVDL,Active,true,2023-09-01T14:39:59.982Z
1108549899453407699,David-C02DQ0C4Q05N,Active,true,2023-09-01T23:07:08.003Z
1071896573532327310,Ninah-C02XWA1FJHD2,Active,true,2023-09-01T22:04:53.691Z
1108557338853323024,Ninah-C02XWA1FJHD2,Active,true,2023-09-01T21:33:27.534Z
1113337769078825503,Abbies-MacBook-Air,Active,true,2023-09-01T22:39:07.109Z
1114641638822578207,Abbie-FVFHN0S7Q6LT,Active,true,2023-09-01T19:58:58.418Z
1108544164944803978,Briana-FVFHN16LQ6LT,Active,true,2023-09-01T23:10:05.911Z
1124199435614184057,Madison-FVFHN0RVQ6LT,Active,true,2023-09-01T21:13:40.664Z
1113361854356205142,Madison-FVFHN0RVQ6LT,Active,true,2023-09-01T23:11:36.326Z
1113363221828365592,Mills-C02CMRSYML7H,Active,true,2023-09-01T19:19:37.669Z
1064604928735093661,Mills-C02CMRSYML7H,Active,true,2023-09-01T19:23:26.650Z
1108542638671132810,Zeena-FVFHN0QRQ6LT,Active,true,2023-08-25T12:59:21.866Z
1064221798556250654,Zeena-FVFHN0QRQ6LT,Active,true,2023-08-25T07:48:08.465Z
1107240256679049354,Daishi-FVFHN0A5Q6LT,Active,true,2023-09-01T23:02:04.820Z
1064823963597359389,Daishi-FVFHN0A5Q6LT,Active,true,2023-09-01T23:24:39.380Z
1104525363882313786,Aaron-G043CQ1J62,Active,true,2023-09-01T23:06:07.745Z
1064942900941967624,Aaron-G043CQ1J62,Active,true,2023-09-01T20:56:00.270Z
1067664022129070948,Allie-R4PXN7QMP7,Active,true,2023-09-01T22:53:57.162Z
1107111146608996624,Allie-R4PXN7QMP7,Active,true,2023-09-01T23:04:16.708Z
1107237514297197988,Erin-C02H3J6QQ05D,Active,true,2023-09-01T23:22:05.245Z
1066514115121372317,Erin-C02H3J6QQ05D,Active,true,2023-09-01T23:22:02.463Z
1066966502514123423,Ankita-M4H7DG2232,Active,true,2023-09-01T22:25:08.823Z
1106960693919086730,Ankita-M4H7DG2232,Active,true,2023-09-01T23:19:03.094Z
1108432146061897108,Jessica-T3Y3D4PK9M,Active,true,2023-09-01T22:44:40.388Z
1067672022632770512,Jessica-T3Y3D4PK9M,Active,true,2023-09-01T22:30:46.474Z
1117267387592030547,Claire-FVFHN10TQ6LT,Active,true,2023-09-01T21:12:08.333Z
1067664973544375285,Claire-FVFHN10TQ6LT,Active,true,2023-09-01T21:40:09.557Z
1067572604947071108,Sadie-NN2PF7QNY4,Active,true,2023-09-01T04:39:04.344Z
1106950442509083091,Sadie-NN2PF7QNY4,Active,true,2023-09-01T03:51:31.849Z
1108407447869238676,Alexandria-C02GJ1H2ML85,Active,true,2023-09-01T23:16:04.262Z
1096108860668319131,Alexandria-C02GJ1H2ML85,Active,true,2023-09-01T23:04:50.710Z
1071432079976084536,Daria-P0WCVD2RFQ,Active,true,2023-09-01T20:54:39.458Z
1107109143375851792,Daria-P0WCVD2RFQ,Active,true,2023-09-01T23:03:06.273Z
1069408723138186556,Stacey-CM0YF44XGC,Active,true,2023-09-01T22:03:06.720Z
1106556128003343780,Stacey-CM0YF44XGC,Active,true,2023-09-01T22:58:54.936Z
1103975270686187192,Kenny-PL2PD2P7TD,Active,true,2023-09-01T23:17:11.030Z
1119724557230273392,Kenny-FVFHN0Z0Q6LT,Active,true,2023-09-01T23:24:41.476Z
1069718046468470240,Kenny-PL2PD2P7TD,Active,true,2023-09-01T22:17:39.794Z
1119722463353595936,Kenny-FVFHN0Z0Q6LT,Active,true,2023-09-01T23:06:50.895Z
1108562095213161876,Naomi-R7N7JH0Q9H,Active,true,2023-09-01T22:39:51.486Z
1069415251465375239,Naomi-R7N7JH0Q9H,Active,true,2023-09-01T23:10:09.024Z
1107984953765512612,Justino-KF9YHC9LMX,Active,true,2023-09-01T23:22:49.838Z
1069208616974765570,Justino-KF9YHC9LMX,Active,true,2023-09-01T23:10:11.028Z
1069545679888887390,Samantha-L4TV6949X9,Active,true,2023-09-01T22:31:54.997Z
1108430289104509556,Samantha-L4TV6949X9,Active,true,2023-09-01T22:33:02.337Z
1124500940614813515,Liz-FVFFT16KQ6LT,Active,true,2023-09-01T23:14:48.185Z
1071441427574233947,Jamel-YK1G9T93TV,Active,true,2023-09-01T21:59:49.004Z
1107244788207399184,Jamel-YK1G9T93TV,Active,true,2023-09-01T23:06:42.959Z
1070293943609396234,Nicole-C02ZF3X0LVDL,Active,true,2023-09-01T20:19:42.225Z
1113360986077513136,Nicole-C02ZF3X0LVDL,Active,true,2023-09-01T23:15:39.658Z
1108109613896642832,Ben-FVFHN0PCQ6LT,Active,true,2023-09-01T23:08:56.683Z
1071297304699820766,Ben-FVFHN0PCQ6LT,Active,true,2023-09-01T23:14:48.462Z
1107107776944415356,Edward-X3X7D7MKXH,Active,true,2023-09-01T22:35:47.495Z
1072076235466336382,Edward-X3X7D7MKXH,Active,true,2023-09-01T23:25:04.114Z
1105396201951197322,Allie-LP22D24DHR,Active,true,2023-09-01T22:31:33.164Z
1071445019733518767,Allie-LP22D24DHR,Active,true,2023-09-01T21:59:56.621Z
1071844311126909535,Dan-DQXVKD4KJX,Active,true,2023-09-01T19:36:33.677Z
1108107870578453908,Dan-DQXVKD4KJX,Active,true,2023-09-01T23:17:21.600Z
1108109803225217162,Emily-FVFHN16CQ6LT,Active,true,2023-09-01T22:52:04.699Z
1073455851798700947,Emily-FVFHN16CQ6LT,Active,true,2023-09-01T22:52:21.404Z
1105383966682198288,Zevin-PD46RH44F6,Active,true,2023-09-01T22:33:47.796Z
1071420140445568187,Zevin-PD46RH44F6,Active,true,2023-09-01T23:19:39.691Z
1071434112039674003,Desiree-C02V52RFHV2M,Active,true,2023-09-01T23:19:42.466Z
1108128663032901904,Desiree-C02V52RFHV2M,Active,true,2023-09-01T23:00:19.011Z
1106946190560731772,Amanda-G6K37DW1MX,Active,true,2023-09-01T23:16:58.720Z
1071595019236522312,Amanda-G6K37DW1MX,Active,true,2023-09-01T23:25:03.855Z
1074615979754440934,Carman-PDP9J0206N,Active,true,2023-09-01T23:25:15.099Z
1107996943734354192,Carman-PDP9J0206N,Active,true,2023-09-01T23:00:00.246Z
1074485379452195092,Rebecca-FVFHN0JDQ6LT,Active,true,2023-09-01T21:45:18.871Z
1108120416609499274,Rebecca-FVFHN0JDQ6LT,Active,true,2023-09-01T21:02:35.483Z
1074610635630840832,Ella-FVFCT4LUMNHX,Active,true,2023-08-31T13:29:16.257Z
1108526901596827028,Ella-FVFCT4LUMNHX,Active,true,2023-08-31T13:11:45.589Z
1074614637444190372,Saritha-FTH46LRPGQ,Active,true,2023-09-01T23:06:35.937Z
1123643540705734147,Saritha-FTH46LRPGQ,Active,true,2023-09-01T22:51:37.386Z
1107106509995413268,Shveta-KFJK34TLC9,Active,true,2023-09-01T22:48:50.148Z
1077822646325419260,Shveta-KFJK34TLC9,Active,true,2023-09-01T23:11:00.681Z
1075518069829067349,Jon-C02CPBQAMD6M,Active,true,2023-09-01T22:45:44.462Z
1108017740271526355,Jon-C02CPBQAMD6M,Active,true,2023-09-01T22:41:33.709Z
1108564220232582564,Hannah-M423P92CV3,Active,true,2023-09-01T23:07:41.913Z
1099871774078093642,Hannah-M423P92CV3,Active,true,2023-09-01T23:24:03.410Z
1108104912266408208,Jean-K7Q62V91YQ,Active,true,2023-09-01T22:16:02.396Z
1074954372120062883,Jean-K7Q62V91YQ,Active,true,2023-09-01T23:10:11.981Z
1114190278206471473,Aysha-X7NJDGWWKN,Active,true,2023-09-01T20:54:47.837Z
1108411666736292307,Aysha-X7NJDGWWKN,Active,true,2023-09-01T22:13:45.713Z
1114190213810171478,Camila-C02CV5HKMD6M,Active,true,2023-06-07T15:56:58.842Z
1075942071327857625,Evan-CFCWR09XWW,Active,true,2023-09-01T23:24:55.377Z
1107239763872354068,Evan-CFCWR09XWW,Active,true,2023-09-01T23:05:43.001Z
1108578070411593124,Jim-QLK3VWGWH9,Active,true,2023-09-01T22:48:41.429Z
1077810335268379004,Jim-QLK3VWGWH9,Active,true,2023-09-01T22:59:15.648Z
1077677855959750230,Karim-C230HJ69MR,Active,true,2023-09-01T21:24:54.102Z
1107108869842912676,Karim-C230HJ69MR,Active,true,2023-09-01T23:06:07.395Z
1076944231410008519,Jenna’s MacBook Pro,Active,true,2023-09-01T21:19:36.408Z
1106960423671536244,Jennas-MacBook-Pro-2,Active,true,2023-09-01T23:15:54.721Z
1106954451974959376,EE i7 MBP19 - Lisa Kanehiro,Active,true,2023-09-01T23:05:39.643Z
1091893813677464725,EE MBP - Lisa Kanehiro,Active,true,2023-09-01T21:34:08.877Z
1106947399974203664,EE M1 MBP20 - Mitch Rubin,Active,true,2023-09-01T22:18:57.385Z
1098272293431290184,Elemental’s MacBook Pro,Active,true,2023-09-01T22:20:16.904Z
1081036663294465707,Elemental’s MacBook Pro (2),Active,true,2023-09-01T23:08:11.417Z
1113053479944048334,Tiffany-FVFCJ1WJL40Y,Active,true,2023-09-01T21:04:29.429Z
1118957363868718942,Mike-C02X2D8YJG5H,Active,true,2023-09-01T19:59:12.398Z
1118961334745788784,Mike-C02X2D8YJG5H,Active,true,2023-09-01T22:47:57.256Z
1094446093258443513,Laith-FVFFCBRXQ05D,Active,true,2023-09-01T22:21:44.088Z
1113360768484453974,Laith-FVFFCBRXQ05D,Active,true,2023-09-01T23:17:34.552Z
1106946977862984147,EE MBP - Antoinette West,Active,true,2023-08-24T17:34:05.811Z
1127752496560993556,Antoinette-C02ZN6K7LVDL,Active,true,2023-08-31T01:55:15.337Z
1127731720751604888,Antoinette-C02ZN6K7LVDL,Active,true,2023-08-31T01:34:52.613Z
1088339523395029449,EE MBP - Antoinette West,Active,true,2023-08-24T18:35:45.044Z
1098966456388736328,Josh’s MacBook Pro,Active,true,2023-09-01T19:40:23.362Z
1106964899824149116,Joshs-MBP.fios-router.home,Active,true,2023-09-01T23:14:08.393Z
1113178398172395134,Danyas-MacBook-Pro,Active,true,2023-09-01T22:57:26.265Z
1098857236663500651,Danya’s MacBook Pro,Active,true,2023-09-01T20:48:53.987Z
1106950073847942932,EE i7 MBP17 - Lani Cobb,Active,true,2023-09-01T23:17:52.609Z
1094507737488659669,EE MBP - Lani Cobb,Active,true,2023-09-01T21:53:23.377Z
1094803611332833975,EE MBP - Chris Chang,Active,true,2023-09-01T23:18:44.111Z
1106947834943096228,EE i5 MBP20 - Chris Chang,Active,true,2023-09-01T23:19:15.422Z
1106959697742966164,EEs-MacBook-Air.home,Active,true,2023-09-01T22:37:45.774Z
1094794931897997797,EE’s MacBook Air,Active,true,2023-09-01T22:51:22.895Z
1106949901001816202,EE i7 MBP19 - Kim Baker,Active,true,2023-09-01T23:19:38.283Z
1094064489009105077,EE MBP - Kim Baker,Active,true,2023-09-01T20:54:52.560Z
1106993833249208458,ians-mbp.lan,Active,true,2023-09-01T23:03:53.733Z
1090889782603073094,Ian’s MacBook Pro,Active,true,2023-09-01T23:25:07.222Z
1111321475173086286,Justins-MacBook-Pro,Active,true,2023-08-26T03:45:14.827Z
1111321373459099957,Justin’s MacBook Pro,Active,true,2023-08-26T04:00:39.709Z
1093906612803547909,EE’s MacBook Pro,Active,true,2023-09-01T22:00:42.454Z
1106957515265417852,ees-macbook-pro.lan,Active,true,2023-09-01T21:42:28.464Z
1124645377452209101,MacBook Pro,Active,true,2023-09-01T21:40:50.499Z
1123506771738916382,MacBook-Pro-4.lan,Active,true,2023-07-26T22:36:05.502Z
1107114523364958844,EE M1 MBA20 - Brenda Hearn,Active,true,2023-09-01T23:08:13.167Z
1102754798292087760,MacBook Pro,Active,true,2023-09-01T23:23:48.680Z
1123506844751615540,MacBook Pro,Active,true,2023-07-26T23:08:17.778Z
1106962591999889172,Kim-C4V32RQ9FG,Active,true,2023-08-31T18:33:09.303Z
1097128853666584244,Kim-C4V32RQ9FG,Active,true,2023-08-31T18:50:07.453Z
1106946558124750986,Lauren-C02WP1ZBHTDF,Active,true,2023-09-01T22:52:28.456Z
1098909512514789239,Lauren-C02WP1ZBHTDF,Active,true,2023-09-01T22:55:18.000Z
1090898480035221421,EE MBP - Kayla Economou,Active,true,2023-09-01T21:42:02.295Z
1106961459971868068,EE i5 MBP18 - Kayla Economou,Active,true,2023-09-01T22:41:49.680Z
1106979794183529084,Melissas-MBP.attlocal.net,Active,true,2023-09-01T23:23:30.333Z
1101048727466657616,Melissa’s MacBook Pro,Active,true,2023-09-01T23:19:15.973Z
1106537309855329684,Stephanie-GVY1HJ2DCC,Active,true,2023-09-01T23:21:38.649Z
1078974826548426672,Stephanie-GVY1HJ2DCC,Active,true,2023-09-01T23:25:46.599Z
1105389003644347004,Mark-RC2QWXFH4M,Active,true,2023-09-01T22:37:07.198Z
1078753013935522750,Mark-RC2QWXFH4M,Active,true,2023-09-01T21:45:16.760Z
1078919772969015768,Ada-HQ6M4MKQDX,Active,true,2023-09-01T20:10:52.187Z
1107113317032038164,Ada-HQ6M4MKQDX,Active,true,2023-09-01T22:48:16.217Z
1079117936964820909,Evan-C02X80ATJHD2,Active,true,2023-08-28T14:55:01.245Z
1108556454540581492,Evan-C02X80ATJHD2,Active,true,2023-08-28T14:27:44.078Z
1080577739766907944,Corinne-FVFHN0QZQ6LT,Active,true,2023-09-01T22:09:27.638Z
1108254402819924604,Corinne-FVFHN0QZQ6LT,Active,true,2023-09-01T23:25:38.766Z
1108547834884165396,Christine-NJGQ9T0JY9,Active,true,2023-09-01T23:23:00.049Z
1098999063365049945,Christine-NJGQ9T0JY9,Active,true,2023-09-01T20:30:18.241Z
1126225010555135418,Joshua-C02DT60DML85,Active,true,2023-08-31T20:55:05.157Z
1080569866858585623,Joshua-C02DT60DML85,Active,true,2023-08-31T21:44:44.018Z
1084938027001527365,Sri-FVFHN0QXQ6LT,Active,true,2023-09-01T23:20:40.917Z
1108436098472461732,Sri-FVFHN0QXQ6LT,Active,true,2023-09-01T22:29:24.650Z
1113351251769017776,Jorge-VTYH4H2K1G,Active,true,2023-09-01T22:40:35.521Z
1109280261212601742,Jorge-VTYH4H2K1G,Active,true,2023-09-01T23:21:54.580Z
1108547116364931539,Anna-C02ZL0QRLVDL,Active,true,2023-08-29T17:00:48.057Z
1108409600322314876,Liz-FVFFT16KQ6LT,Active,true,2023-09-01T23:17:45.940Z
1084914363973449147,Scott-NP2FC90KW4,Active,true,2023-09-01T23:25:35.165Z
1108130976783699732,Scott-NP2FC90KW4,Active,true,2023-09-01T22:50:00.993Z
1085811913280709447,Geoff-C02XK0U4JHD2,Active,true,2023-08-30T00:27:44.231Z
1108551999644246652,Geoff-C02XK0U4JHD2,Active,true,2023-08-29T23:34:34.275Z
1097126669133720864,Chad-M37MV407KY,Active,true,2023-09-01T23:22:06.939Z
1108438511774320036,Chad-M37MV407KY,Active,true,2023-09-01T23:07:04.341Z
1085249543215124468,Aleina-RKYQRYVQGK,Active,true,2023-09-01T22:46:02.899Z
1106526670042298506,Aleina-RKYQRYVQGK,Active,true,2023-09-01T22:52:47.798Z
1108253995871014676,Colin-C9559C27Q1,Active,true,2023-09-01T23:17:25.345Z
1114228975391663265,Colin-C9559C27Q1,Active,true,2023-09-01T20:01:55.973Z
1108544724515289226,Judy-TWCY6NMWV1,Active,true,2023-09-01T23:12:58.380Z
1091168751676554692,Judy-TWCY6NMWV1,Active,true,2023-09-01T19:39:47.084Z
1087659514961865490,tanya-FVFHN0Q6Q6LT,Active,true,2023-09-01T20:25:01.359Z
1113454932407204795,tanya-FVFHN0Q6Q6LT,Active,true,2023-09-01T22:51:26.942Z
1108529711193304468,Lee-C02ZM4SXLVDL,Active,true,2023-09-01T20:01:22.386Z
1084954530172302898,Lee-C02ZM4SXLVDL,Active,true,2023-09-01T21:00:17.266Z
1085814772208549764,Stacy-WH259N65Y4,Active,true,2023-09-01T23:10:31.996Z
1108541814224269584,Stacy-WH259N65Y4,Active,true,2023-09-01T22:37:10.241Z
1108973558444193930,Kia-C02D9688MD6M,Active,true,2023-09-01T21:34:36.441Z
1084937087398199081,Kia-C02D9688MD6M,Active,true,2023-09-01T21:54:56.122Z
1087070000921022446,Jessica-C02FT4N3ML85,Active,true,2023-09-01T19:29:23.991Z
1108451746878716042,Jessica-C02FT4N3ML85,Active,true,2023-09-01T22:46:54.435Z
1085049970473310665,Lauren-FVFHN0Z4Q6LT,Active,true,2023-09-01T23:09:10.931Z
1108414197645225364,Lauren-FVFHN0Z4Q6LT,Active,true,2023-09-01T23:09:13.729Z
1087659537824710389,Kevin-JKW2MD9VJL,Active,true,2023-09-01T22:39:33.077Z
1103964571616984604,Kevin-JKW2MD9VJL,Active,true,2023-09-01T23:11:56.012Z
1087978395330655287,Koushal-Y5JM41260T,Active,true,2023-09-01T23:22:41.289Z
1109560900514990662,Koushal-Y5JM41260T,Active,true,2023-09-01T22:49:32.569Z
1088685051631986557,Hannah’s MacBook Pro,Active,true,2023-08-25T01:14:03.012Z
1107988492729424500,Hannahs-MacBook-Pro,Active,true,2023-08-25T00:43:06.264Z
1128534546487345817,Danielle-FVFHM09BQ6LT,Active,true,2023-08-31T21:45:46.511Z
1088982928533789745,EE MBP - Mobility Innovator,Active,true,2023-08-17T23:34:32.361Z
1128544746387591504,Danielle-FVFHM09BQ6LT,Active,true,2023-08-31T21:16:10.734Z
1128717543597551800,DJ’s MacBook Pro,Active,true,2023-09-01T23:15:24.373Z
1128717554795696217,DJs-MacBook-Pro,Active,true,2023-09-01T22:17:56.007Z
1113225973917052184,Mobility-FVFZQQX9L40Y,Active,true,2023-08-17T22:56:00.105Z
1097127118848037089,Jaime-Y5J5FX2YFM,Active,true,2023-09-01T23:20:10.000Z
1107105524225907316,Jaime-Y5J5FX2YFM,Active,true,2023-09-01T23:01:01.136Z
1107242245002347940,Katrina-GKWDMYNHJ5,Active,true,2023-09-01T23:24:23.133Z
1100039347644296402,Katrina-GKWDMYNHJ5,Active,true,2023-09-01T23:23:53.093Z
1107133791637052020,Annelises-MBP,Active,true,2023-09-01T22:46:03.600Z
1090216439494635531,Annelise’s MacBook Pro,Active,true,2023-09-01T23:14:50.777Z
1107124618159796496,EE_MBP_Kim-C02DDCWPMD6M,Active,true,2023-09-01T23:11:41.007Z
1090735361852401675,EE_MBP_Kim-C02DDCWPMD6M,Active,true,2023-09-01T23:12:22.747Z
1093902418650134419,TJ-R3YQ5NXKKP,Active,true,2023-09-01T23:23:00.955Z
1113360694911200536,TJ-R3YQ5NXKKP,Active,true,2023-09-01T22:50:57.245Z
1107986017141924476,Theresas-MacBook-Pro,Active,true,2023-09-01T22:56:27.641Z
1090992979964509265,Theresa’s MacBook Pro,Active,true,2023-09-01T21:35:05.785Z
1094057745069261587,Aaron-HF6K6WYP0R,Active,true,2023-09-01T23:20:56.125Z
1107997989715583612,Aaron-HF6K6WYP0R,Active,true,2023-08-02T03:35:17.251Z
1094474561689957610,Nicholas-JP92D6RQ17,Active,true,2023-09-01T23:24:41.453Z
1103943490421213894,Nicholas-JP92D6RQ17,Active,true,2023-09-01T22:42:46.735Z
1099011202494722106,Avra’s MacBook Pro,Active,true,2023-09-01T23:11:19.844Z
1107162585488934308,Avras-MBP,Active,true,2023-09-01T23:21:47.703Z
1094794998209275603,Reena-FVFHN0S3Q6LT,Active,true,2023-08-31T21:20:24.798Z
1107266912962463140,Reena-FVFHN0S3Q6LT,Active,true,2023-08-31T21:02:08.364Z
1107237722136257148,Carlos-FJV73QY6GX,Active,true,2023-09-01T22:59:10.092Z
1096137208039307870,Carlos-FJV73QY6GX,Active,true,2023-09-01T23:24:31.188Z
1095087943539649427,Emily-QRHQ267N91,Active,true,2023-09-01T23:25:18.778Z
1108545001545778596,Emily-QRHQ267N91,Active,true,2023-09-01T23:07:05.387Z
1095388144835982821,Susy-K2L6QPQ4DV,Active,true,2023-09-01T23:25:17.145Z
1108259776990255732,Susy-K2L6QPQ4DV,Active,true,2023-09-01T23:16:34.977Z
1106536103976617380,Genevieve-XPK2Q76QPR,Active,true,2023-09-01T23:02:27.329Z
1095940374170702492,Genevieve-XPK2Q76QPR,Active,true,2023-09-01T20:02:29.639Z
1095920590854591972,Karla-FVFHN0R3Q6LT,Active,true,2023-09-01T23:19:20.845Z
1108408145936106916,Karla-FVFHN0R3Q6LT,Active,true,2023-09-01T23:07:04.341Z
1096531211912038929,Cristina-R0Q42X64VR,Active,true,2023-09-01T21:10:27.671Z
1106540851679235860,Cristina-R0Q42X64VR,Active,true,2023-09-01T23:00:34.813Z
1108001672057139472,Gwendys-MBP,Active,true,2023-09-01T23:25:44.281Z
1099026438716169760,Gwendy’s MacBook Pro,Active,true,2023-09-01T22:44:44.548Z
1108000736020241012,Amys-iPhone,Active,true,2023-07-17T16:06:59.472Z
1098844332420571370,Jocelyn-FVFHN11CQ6LT,Active,true,2023-09-01T23:05:36.270Z
1108111128177395108,Jocelyn-FVFHN11CQ6LT,Active,true,2023-09-01T23:24:14.369Z
1108420978813996820,Tyler-FVFHN0QTQ6LT,Active,true,2023-09-01T23:05:22.092Z
1100018546966455789,Tyler-FVFHN0QTQ6LT,Active,true,2023-09-01T23:25:21.044Z
1108414936609847434,Caleb-FVFHN0ZFQ6LT,Active,true,2023-09-01T20:23:40.422Z
1100295817527642358,Caleb-FVFHN0ZFQ6LT,Active,true,2023-09-01T20:55:09.895Z
1108311353596358036,Gabe-FVFHN0RNQ6LT,Active,true,2023-09-01T22:55:11.764Z
1101873832059352019,Gabe-FVFHN0RNQ6LT,Active,true,2023-09-01T23:15:22.370Z
1115340951474171160,Thomas-C02Y40VBJK7M,Active,true,2023-06-13T00:06:19.822Z
1101298651463815084,Cedric-LF00R5JW3J,Active,true,2023-08-31T18:05:19.627Z
1107378777432042900,Cedric-LF00R5JW3J,Active,true,2023-08-31T16:59:48.188Z
1108125862817678756,Alyssa-FVFHN0BAQ6LT,Active,true,2023-09-01T23:21:00.925Z
1106370569456854567,Alyssa-FVFHN0BAQ6LT,Active,true,2023-09-01T22:10:16.693Z
1108407158071752842,David-CC2TJHKJ5V,Active,true,2023-09-01T22:47:07.888Z
1102451177745599915,David-CC2TJHKJ5V,Active,true,2023-09-01T23:22:04.978Z
1106380200495784765,Rahul-FVFHN0QSQ6LT,Active,true,2023-09-01T23:14:39.315Z
1108108585642790676,Rahul-FVFHN0QSQ6LT,Active,true,2023-09-01T22:42:46.588Z
1107995741299445524,Aahad-R3WK0JCMWJ,Active,true,2023-04-19T17:15:00.462Z
1113472675971280470,Bessy-C02FK0QFQ05P,Active,true,2023-09-01T23:02:07.307Z
1118763649407834349,Bessy-C02FK0QFQ05P,Active,true,2023-09-01T23:20:19.771Z
1119557351266546032,Jordan-C02CMRF2ML7H,Active,true,2023-09-01T18:19:49.871Z
1109282045918181368,Mabelle’s MacBook Pro,Active,true,2023-09-01T22:35:36.091Z
1113365189200330065,Mabelles-MBP.hawaii.rr.com,Active,true,2023-09-01T22:51:09.367Z
1109280852805700788,Thanh-C02ZM1DLLVCF,Active,true,2023-09-01T23:25:10.104Z
1113361324162625110,Thanh-C02ZM1DLLVCF,Active,true,2023-09-01T22:23:47.210Z
1113371816259251480,Jennifer-FVFHN0SRQ6LT,Active,true,2023-09-01T19:14:01.243Z
1109286943259341903,Jennifer-FVFHN0SRQ6LT,Active,true,2023-09-01T19:34:20.430Z
1109280509375158351,Stacy-LVHG002V25,Active,true,2023-09-01T23:04:44.500Z
1113369262530503199,Stacy-LVHG002V25,Active,true,2023-09-01T22:47:29.036Z
1118720229163704797,Jared-FVFYL7MAHV22,Active,true,2023-09-01T23:21:51.852Z
1118722081268871795,Jared-FVFYL7MAHV22,Active,true,2023-09-01T22:55:14.957Z
1109311327346355587,MacBook-Pro,Active,true,2023-09-01T18:40:56.830Z
1109311276902381506,Kat’s MacBook Pro,Active,true,2023-09-01T19:15:03.308Z
1110007960951222659,Tytiana-X50J69FV34,Active,true,2023-09-01T20:59:52.597Z
1109280162226898316,Tytiana-X50J69FV34,Active,true,2023-09-01T21:34:30.407Z
1108976735245013746,Carlos-K0WNH6VFMH,Active,true,2023-09-01T23:16:02.003Z
1108985599895572244,Carlos-K0WNH6VFMH,Active,true,2023-09-01T23:02:04.228Z
1115214139516464726,christinas-mbp.lan,Active,true,2023-09-01T23:22:13.565Z
1109280010615232061,Christina’s MacBook Pro,Active,true,2023-09-01T21:35:24.889Z
1113612639871550896,Earl-JX7HC75L2M,Active,true,2023-09-01T20:14:13.062Z
1109281786328483835,Earl-JX7HC75L2M,Active,true,2023-09-01T20:34:49.432Z
1114680643579690321,Anu-KXQLQQL96W,Active,true,2023-09-01T22:55:09.387Z
1111002687425800856,Anu-KXQLQQL96W,Active,true,2023-09-01T21:20:13.324Z
1110616957893128114,Cheryl’s MacBook Pro,Active,true,2023-09-01T22:56:39.505Z
1110616951826836869,Cheryls-MacBook-Pro,Active,true,2023-09-01T23:25:35.788Z
1110308592076736145,Shammond-CVMGC04R6X,Active,true,2023-09-01T23:00:19.644Z
1113361768107883857,Shammond-CVMGC04R6X,Active,true,2023-09-01T22:59:17.259Z
1110310347065049250,leo.castillo-YQ9P9HK2CN,Active,true,2023-09-01T22:14:52.562Z
1113365827931719088,leo.castillo-YQ9P9HK2CN,Active,true,2023-09-01T23:09:21.150Z
1113383615220687391,Michael-H16Q7NTWWN,Active,true,2023-09-01T23:04:29.478Z
1110420622752833240,Michael-H16Q7NTWWN,Active,true,2023-09-01T23:24:44.719Z
1110440933160041711,Rachel-M9RRX21629,Active,true,2023-09-01T19:04:47.956Z
1113362084056177698,Rachel-M9RRX21629,Active,true,2023-09-01T17:55:01.705Z
1113452546308448799,Kathy-GXY4G3WXDK,Active,true,2023-09-01T23:11:00.084Z
1110449410761647179,Kathy-GXY4G3WXDK,Active,true,2023-09-01T22:53:06.198Z
1113362117283573016,Amanda-C02ZN4M3LVDL,Active,true,2023-09-01T22:21:06.968Z
1124377472322424527,Amanda-C02ZN4M3LVDL,Active,true,2023-09-01T22:55:15.128Z
1115191848916249880,Limantis-FVFHN0ZGQ6LT,Active,true,2023-09-01T23:04:51.821Z
1115192086929390729,Limantis-FVFHN0ZGQ6LT,Active,true,2023-09-01T23:01:05.510Z
1115189747470925803,Claudia-XHRXH0Y3GP,Active,true,2023-09-01T23:09:38.260Z
1115189643230847519,Claudia-XHRXH0Y3GP,Active,true,2023-09-01T22:54:47.540Z
1114233088585039084,Morgan’s MacBook Pro,Active,true,2023-06-26T03:02:00.473Z
1114233126492478498,Morgans-MacBook-Pro,Active,true,2023-06-26T01:01:37.212Z
1118721921174895569,Daniel-C02YT67PLVDL,Active,true,2023-09-01T22:04:49.108Z
1118723465143896600,Daniel-C02YT67PLVDL,Active,true,2023-09-01T21:42:46.714Z
1115135233656276723,Charles-C02CM2FMMNHX,Active,true,2023-08-31T04:39:47.677Z
1114659139961777432,Charles-C02CM2FMMNHX,Active,true,2023-08-31T04:18:31.818Z
1118717887953550661,Bob-YM96NHYTP2,Active,true,2023-09-01T22:47:42.245Z
1118723100057970750,Bob-YM96NHYTP2,Active,true,2023-09-01T23:10:23.802Z
1116977007491343491,Kiona-C02Z42N2LVDL,Active,true,2023-09-01T17:19:59.474Z
1116975794774686261,Kiona-C02Z42N2LVDL,Active,true,2023-09-01T16:59:40.118Z
1120552613652951408,Mary-C02X54BRJHD2,Active,true,2023-09-01T23:24:12.069Z
1120552680437754256,Mary-C02X54BRJHD2,Active,true,2023-09-01T23:24:52.885Z
1117006699701150692,Kansas-C02GD58GML85,Active,true,2023-08-30T21:53:54.668Z
1117004159815075337,Kansas-C02GD58GML85,Active,true,2023-08-30T21:34:02.334Z
1124651220624798816,Katelyn-C02CTDGGML7H,Active,true,2023-09-01T21:54:46.007Z
1117105774109660522,Katelyn-C02CTDGGML7H,Active,true,2023-09-01T22:15:53.645Z
1117252564378840592,Jonathan-C02ZC0VFLVDL,Active,true,2023-09-01T16:23:19.976Z
1117254296746128203,Jonathan-C02ZC0VFLVDL,Active,true,2023-09-01T17:48:33.345Z
1125243828088696323,Hannah-FVFHN115Q6LT,Active,true,2023-09-01T23:25:06.756Z
1125298768931991604,Hannah-FVFHN115Q6LT,Active,true,2023-09-01T22:49:52.366Z
1117087109829108064,Hannah-FVFHN115Q6LT,Active,true,2023-08-15T20:33:38.700Z
1127322635353746151,Hannah's MacBook Pro,Active,false,2023-09-01T23:20:53.697Z
1127322717830890945,hannahs-mbp-2.dyndns.rice.edu,Active,false,2023-09-01T22:22:16.339Z
1122493781939542377,Faisal-C02C13NALVDL,Active,true,2023-09-01T22:44:29.902Z
1122493794547539635,Faisal-C02C13NALVDL,Active,true,2023-09-01T19:44:12.045Z
1117106134920204374,Emily-FVFCRD8HMNHX,Active,true,2023-09-01T14:59:25.838Z
1124650918243890718,dsRecTypeStandard:Users-FVFCRD8HMNHX,Active,true,2023-09-01T15:56:54.093Z
1119400099401219397,Ashton-C17DC01KML7H,Active,true,2023-09-01T20:39:51.924Z
1117062620392721009,Ashton-C17DC01KML7H,Active,true,2023-09-01T18:59:31.470Z
1117061261614493740,Ashton-C02DW4EQML85,Active,true,2023-08-17T17:13:15.650Z
1117684181866271523,Asemayet-C02YT67MLVDL,Active,true,2023-09-01T20:42:41.867Z
1117686256778626849,Asemayet-C02YT67MLVDL,Active,true,2023-09-01T21:10:21.401Z
1118721195525336625,John-FVFH9PXLQ05D,Active,true,2023-09-01T23:22:05.420Z
1118718522116248766,John-FVFH9PXLQ05D,Active,true,2023-09-01T23:12:04.040Z
1118718729201894517,Malik-FVFHN0UYQ6LT,Active,true,2023-08-31T16:59:46.953Z
1118721741855377944,Malik-FVFHN0UYQ6LT,Active,true,2023-08-31T15:29:19.570Z
1119098866603493001,Debora-C02WT0HRHV2R,Active,true,2023-08-02T21:40:34.169Z
1119098842745982298,Debora-C02WT0HRHV2R,Active,true,2023-08-02T22:21:25.928Z
1119567057230622819,Josh-JGWW4K42RL,Active,true,2023-09-01T21:50:07.322Z
1119567123556583960,Josh-JGWW4K42RL,Active,true,2023-09-01T23:05:26.924Z
1118723661289549361,Andrew-W4QXCVX3XJ,Active,true,2023-09-01T13:19:38.707Z
1118720038564271753,Andrew-W4QXCVX3XJ,Active,true,2023-09-01T14:39:46.162Z
1119139434025484263,Jonathan-T9745T9GDJ,Active,true,2023-09-01T22:19:48.665Z
1119139458944099372,Jonathan-T9745T9GDJ,Active,true,2023-09-01T22:53:00.511Z
1119271528324936391,Rebecca-C02FC3MUML85,Active,true,2023-08-31T00:15:00.338Z
1119206528876604977,Rebecca-C02FC3MUML85,Active,true,2023-08-30T23:53:08.702Z
1119433402963793267,Cristine’s MacBook Pro,Active,true,2023-09-01T23:24:28.045Z
1119424016741527920,MacBook-Pro.fios-router.home,Active,true,2023-09-01T22:33:26.168Z
1121052269752051744,Jo-C02FPEMFMD6M,Active,true,2023-09-01T23:02:21.177Z
1121061304414198111,Jo-C02FPEMFMD6M,Active,true,2023-09-01T23:15:37.611Z
1126260783108896469,Dingli-F9YJKXYWT7,Active,true,2023-09-01T22:30:35.079Z
1126261899671755602,Dingli-F9YJKXYWT7,Active,true,2023-09-01T22:50:13.988Z
1122737359037524524,Mariana’s MacBook Pro,Active,true,2023-09-01T19:49:37.934Z
1122737380787535500,MacBook-Pro.lan,Active,true,2023-09-01T18:43:24.409Z
1123483490269481925,Rich-F3WLCPWJNJ,Active,true,2023-09-01T22:25:17.289Z
1123485629429080274,Rich-F3WLCPWJNJ,Active,true,2023-09-01T23:15:12.341Z
1123494776109999933,Teya-MNW292F6XJ,Active,true,2023-09-01T23:23:55.505Z
1123494792255408490,Teya-MNW292F6XJ,Active,true,2023-09-01T23:12:18.394Z
1124205960696085991,Renee-WXJ0W0VGJM,Active,true,2023-09-01T23:23:39.766Z
1124205959412702698,Renee-WXJ0W0VGJM,Active,true,2023-09-01T23:25:08.054Z
1127402352971729390,Reed-HQX72Y7MWJ,Active,true,2023-08-31T18:32:40.864Z
1127402340956717880,Reed-HQX72Y7MWJ,Active,true,2023-08-31T19:51:22.317Z
1124057556096808478,Neil-TCPG7W1DH2,Active,true,2023-09-01T22:44:55.922Z
1124057609200831980,Neil-TCPG7W1DH2,Active,true,2023-09-01T23:05:51.286Z
1124206062089816390,Matt-JF44512R4F,Active,true,2023-09-01T22:44:04.997Z
1124206077462262824,Matt-JF44512R4F,Active,true,2023-09-01T23:25:15.414Z
1124209190903205956,Dan-M6TTGW4Q20,Active,true,2023-09-01T23:07:04.532Z
1124209200807971178,Dan-M6TTGW4Q20,Active,true,2023-09-01T22:54:29.584Z
1123217268536087573,Lauren-VNYHCJPQ4L,Active,true,2023-09-01T21:23:41.022Z
1123217254629062231,Lauren-VNYHCJPQ4L,Active,true,2023-09-01T22:04:24.174Z
1124358198599329056,John-NPXXMXWXP2,Active,true,2023-09-01T22:34:31.672Z
1124358155863389280,John-NPXXMXWXP2,Active,true,2023-09-01T23:14:04.277Z
1124205982759216686,Carrie-GJ7423FTPQ,Active,true,2023-09-01T22:15:36.176Z
1124205973072939370,Carrie-GJ7423FTPQ,Active,true,2023-09-01T23:20:38.016Z
1124206012876866197,Abel-RC7L49PL7Q,Active,true,2023-09-01T23:24:59.860Z
1124205960628977127,Abel-RC7L49PL7Q,Active,true,2023-09-01T22:19:29.700Z
1123794567997269208,Beverly-QG6Q54KPYY,Active,true,2023-09-01T23:05:30.497Z
1123794584728401438,Beverly-QG6Q54KPYY,Active,true,2023-09-01T23:00:12.713Z
1124209492077218154,Anna-FVFHN0A8Q6LT,Active,true,2023-09-01T22:53:51.329Z
1124209479856883527,Anna-FVFHN0A8Q6LT,Active,true,2023-09-01T23:15:24.857Z
1126631947009098259,Christin-FVFHN0NTQ6LT,Active,true,2023-09-01T10:19:25.283Z
1126650072020350120,Christin-FVFHN0NTQ6LT,Active,true,2023-09-01T11:39:56.574Z
1123200209218951839,MacBook Air,Active,true,2023-09-01T23:23:57.559Z
1123200250114947002,MacBook-Air,Active,true,2023-09-01T23:22:20.383Z
1123540185325646976,Matt’s MacBook Pro,Active,true,2023-09-01T20:10:42.234Z
1123540218622105902,macbook-pro.lan,Active,true,2023-09-01T19:50:21.123Z
1125350636581570886,Elizabeths-MacBook-Air,Active,true,2023-09-01T23:07:50.719Z
1125350532103596238,Elizabeth’s MacBook Air,Active,true,2023-09-01T23:19:32.930Z
1126817503357393328,Kristen-G7995YCP6C,Active,true,2023-09-01T22:34:36.540Z
1126817734648298345,Kristen-G7995YCP6C,Active,true,2023-09-01T23:20:30.776Z
1124789017252498419,MacBook-Pro,Active,true,2023-09-01T23:16:58.948Z
1124788995735189429,Camille’s MacBook Pro,Active,true,2023-09-01T23:19:29.038Z
1126318826881698436,Krystles-MacBook-Pro,Active,true,2023-09-01T23:19:26.111Z
1125271701909800425,Krystle-W0M4R4T3HT,Active,true,2023-09-01T21:07:21.893Z
1126223634353661370,Sterling-C02FM2EQML85,Active,true,2023-09-01T20:14:38.568Z
1126225252387834660,Sterling-C02FM2EQML85,Active,true,2023-09-01T23:05:36.873Z
1127233671541431727,Heather-V2DY92NVYL,Active,true,2023-09-01T22:05:08.495Z
1127233801517847114,Heather-V2DY92NVYL,Active,true,2023-09-01T22:56:22.440Z
1127664251937271268,Anthonys-MacBook-Pro,Active,true,2023-09-01T22:58:50.598Z
1127664234114985564,Anthony’s MacBook Pro,Active,true,2023-09-01T23:19:42.466Z
1128538500690075295,Tumara-FDKQNCPQHD,Active,true,2023-09-01T20:17:06.438Z
1128538534775302004,Tumara-FDKQNCPQHD,Active,true,2023-09-01T23:12:03.437Z
1128688628090854518,Britt’s MacBook Pro,Active,true,2023-09-01T23:14:56.627Z
1128688677033745649,Britts-MacBook-Pro,Active,true,2023-09-01T23:11:28.447Z
1128719056776500769,Alicia’s MacBook Air,Active,true,2023-09-01T22:38:04.351Z
1128719074849332465,MacBook-Air,Active,true,2023-09-01T23:27:09.130Z
1128552869794435161,Jasmine-FVFFCBGTQ05D,Active,true,2023-08-30T17:47:28.071Z
1128851383825037964,Vijetas-MacBook-Pro,Active,true,2023-09-01T22:07:07.752Z
1128851371746442508,Vijeta’s MacBook Pro,Active,true,2023-09-01T22:35:19.191Z
